Scraped At,Section,Subcategory,Product Name,Price,Rating,Image URL,Product URL
2026-02-15 12:08:02,Accessories,cheapest item under 100,"Sotftsens Baby TEAR FREE Baby Wash, 200ml with natural milk cream & shea butter",Rs. 99,4.5,https://g.sdlcdn.com/imgs/h/s/p/Softsens-Natural-Baby-Body-Wash-SDL567181916-1-22470.jpg?w=220&h=258&sharp=7,https://www.snapdeal.com/product/softsens-natural-baby-body-wash/624567774076#bcrumbSearch:cheapest%20item%20under%20100
2026-02-15 12:08:02,Accessories,cheapest item under 100,"Joy Ultra Look Makeup Foundation With SPF 15 Flawless Coverage, 30ml",Rs. 87,4.3,https://g.sdlcdn.com/imgs/k/0/d/X-men-Matte-Liquid-For-SDL738609056-1-e6d57.jpg?w=220&h=258&sharp=7,https://www.snapdeal.com/product/xmen-matte-liquid-for-all/675005018071#bcrumbSearch:cheapest%20item%20under%20100
2026-02-15 12:08:02,Accessories,cheapest item under 100,LOSOFY CLEAN AntiRoachGel-(20g) Cockroach Paste,Rs. 87,3.9,https://g.sdlcdn.com/imgs/k/2/7/LOSOFY-CLEAN-AntiRoachGel-20g-Cockroach-SDL091927699-1-2c596.png?w=220&h=258&sharp=7,https://www.snapdeal.com/product/losofy-clean-antiroachgel20g-cockroach-paste/622059628098#bcrumbSearch:cheapest%20item%20under%20100
2026-02-15 12:08:02,Accessories,cheapest item under 100,100% Natural Profesional Serum For Nail Strong Supple and Shaped Nail Care Serum - Pack Of 1,Rs. 80,4.3,https://g.sdlcdn.com/imgs/k/x/v/100-Natural-Profesional-Serum-For-SDL284220983-1-997c6.jpeg?w=220&h=258&sharp=7,https://www.snapdeal.com/product/100-natural-profesional-serum-for/637579416846#bcrumbSearch:cheapest%20item%20under%20100
2026-02-15 12:08:02,Accessories,cheapest item under 100,PrettyKrafts Single Cotton Brown Cylinder Cover,Rs. 76,3.9,https://g.sdlcdn.com/imgs/k/y/t/PrettyKrafts-Single-Cotton-Brown-Cylinder-SDL205551706-1-02db2.jpg?w=220&h=258&sharp=7,https://www.snapdeal.com/product/prettykrafts-single-cotton-brown-cylinder/632115475699#bcrumbSearch:cheapest%20item%20under%20100
2026-02-15 12:08:02,Accessories,cheapest item under 100,Gusto Foods Instant Schezwan Gravy 250 gm,Rs. 78,4.5,https://g.sdlcdn.com/imgs/k/r/g/Gusto-Foods-Instant-Schezwan-Gravy-SDL542593797-1-7c0f5.jpg?w=220&h=258&sharp=7,https://www.snapdeal.com/product/gusto-foods-instant-schezwan-gravy/644845625808#bcrumbSearch:cheapest%20item%20under%20100
2026-02-15 12:08:03,Accessories,cheapest item under 100,Organic fertilizer plant booster root promoter pack 3 each 50ml,Rs. 114,4.3,https://g.sdlcdn.com/imgs/l/a/c/Organic-fertilizer-plant-booster-root-SDL844849535-1-4e73b.jpg?w=220&h=258&sharp=7,https://www.snapdeal.com/product/organic-fertilizer-plant-booster-root/632875213788#bcrumbSearch:cheapest%20item%20under%20100
2026-02-15 12:08:03,Accessories,cheapest item under 100,8 AM Choco Champ Flakes 375 gm,Rs. 108,4.5,https://g.sdlcdn.com/imgs/k/x/s/8-AM-Choco-Champ-Flakes-SDL662868682-1-a1b5b.jpg?w=220&h=258&sharp=7,https://www.snapdeal.com/product/8-am-choco-champs-flakes/647036756795#bcrumbSearch:cheapest%20item%20under%20100
2026-02-15 12:08:03,Accessories,cheapest item under 100,BLUST & FAMME Steel Dough Maker / Aata Maker ( Pack of 1 ),Rs. 75,5.0,,https://www.snapdeal.com/product/blust-famme-steel-dough-maker/639789801420#bcrumbSearch:cheapest%20item%20under%20100
2026-02-15 12:08:03,Accessories,cheapest item under 100,CreadCraft PVC Floral Mats ( 42 30 ) Pack of 4 - Multicolor,Rs. 104,4.1,,https://www.snapdeal.com/product/creadcraft-pvc-floral-mats-42/636295908804#bcrumbSearch:cheapest%20item%20under%20100
2026-02-15 12:08:12,Accessories,low price,Spark World Copper 2000W Copper Immersion Rod,Rs. 316,4.4,https://g.sdlcdn.com/imgs/k/2/1/Spark-World-Copper-2000W-Copper-SDL995481389-1-88fe8.jpg?w=220&h=258&sharp=7,https://www.snapdeal.com/product/spark-world-copper-2000w-copper/671685801940#bcrumbSearch:low%20price
2026-02-15 12:08:13,Accessories,low price,"Lawn Grass Seeds, Soft and Natural Excellent Rich Lawn Greens Grass Seeds,( pack of 500 seeds ) WITH USER MANUAL FOR HOME AND GARDENING USE LOW PRICE AT SNAPDEAL",Rs. 140,3.5,https://g.sdlcdn.com/imgs/k/c/8/Lawn-Grass-Seeds-Soft-and-SDL201016121-1-27873.jpg?w=220&h=258&sharp=7,https://www.snapdeal.com/product/lawn-grass-seeds-soft-and/622553108818#bcrumbSearch:low%20price
2026-02-15 12:08:13,Accessories,low price,ANTHURIUM RED COLOR ORNAMENTAL FLOWER AIRPURIFYING INDOOR OUTDOOR PLANT 20 SEEDS PACK WITH FREE COCOPEAT POTTING SOIL AND USER MANUAL COMBO PACK FOR HOME AND TERRACE GARDENING USE LOW PRICE ON SNAPDEAL,Rs. 104,3.5,https://g.sdlcdn.com/imgs/k/d/k/ANTHURIUM-RED-COLOR-ORNAMENTAL-FLOWER-SDL807595522-1-f8906.jpg?w=220&h=258&sharp=7,https://www.snapdeal.com/product/anthurium-red-color-ornamental-flower/655519833427#bcrumbSearch:low%20price
2026-02-15 12:08:13,Accessories,low price,"Hauser XO Gel Pen Wallet Pack | Sleek Body & Minimalistic Design With Matt Finish | Solid Body Type, Low Viscosity Ink | Ultra Durable Tip | Blue Ink, Pack of 10 Pens",Rs. 187,4.2,https://g.sdlcdn.com/imgs/k/0/h/Hauser-XO-Gel-Pen-Wallet-SDL775358991-1-f3268.jpg?w=220&h=258&sharp=7,https://www.snapdeal.com/product/hauser-xo-gel-pen-wallet/680062740344#bcrumbSearch:low%20price
2026-02-15 12:08:13,Accessories,low price,LEMON GRASS HERB PLANT 50 SEEDS PACK WITH USER MANUAL FOR INDOOR OUTDOOR HOME KITCHEN GARDENING USE LOW PRICE ONLINE ON SNAPDEAL,Rs. 123,4.0,https://g.sdlcdn.com/imgs/k/l/h/LEMON-GRASS-HERB-PLANT-50-SDL908751945-1-44433.jpg?w=220&h=258&sharp=7,https://www.snapdeal.com/product/lemon-grass-herb-plant-50/635887639143#bcrumbSearch:low%20price
2026-02-15 12:08:13,Accessories,low price,Spark World Copper 1500W Copper Immersion Rod,Rs. 321,3.8,https://g.sdlcdn.com/imgs/k/2/1/Spark-World-Copper-1500W-Copper-SDL102880380-1-497ca.jpg?w=220&h=258&sharp=7,https://www.snapdeal.com/product/spark-world-copper-1500w-copper/622382377937#bcrumbSearch:low%20price
2026-02-15 12:08:13,Accessories,low price,AIR PURIFYING TREE CHINA PALM 20+ SEEDS PACK WITH FREE POTTING SOIL AND USER MANUAL FOR INDOOR AND OUTDOOR HOME AND TERRACE GARDENING USE LOW PRICE AT SNAPDEAL ONLINE SHOP,Rs. 118,4.0,https://g.sdlcdn.com/imgs/k/e/b/AIR-PURIFYING-TREE-CHINA-PALM-SDL900520661-1-c6ef2.jpg?w=220&h=258&sharp=7,https://www.snapdeal.com/product/air-purifying-tree-china-palm/621881820030#bcrumbSearch:low%20price
2026-02-15 12:08:13,Accessories,low price,"Cyclosinone Herbicid Granular Weed Killer with 10% Active Ingredient Low Toxicity Formula for Lawn, Garden & Farm Use Fast-Acting, Eco-Safe Weed Terminator Lawns, Gardens(pack of 1)",Rs. 187,3.5,https://g.sdlcdn.com/imgs/l/b/3/Cyclosinone-Herbicid-Granular-Weed-Killer-SDL366778052-1-8229b.png?w=220&h=258&sharp=7,https://www.snapdeal.com/product/cyclosinone-herbicid-granular-weed-killer/683654470985#bcrumbSearch:low%20price
2026-02-15 12:08:14,Accessories,low price,Jewar mandi chain gold plated designer long size latest fashion low price for daily use,Rs. 239,3.5,,https://www.snapdeal.com/product/jewar-mandi-chain-gold-plated/627474315796#bcrumbSearch:low%20price
2026-02-15 12:08:14,Accessories,low price,Hilary Rhoda Multi Matte Pressed Powder Eye Shadow 100,Rs. 116,4.6,,https://www.snapdeal.com/product/hilary-rhoda-rust-matte-pressed/5764608172282191211#bcrumbSearch:low%20price
2026-02-15 12:08:19,Accessories,Automotive,"4pcs Universal Fit Magnetic Car Side Window Curtains, Foldable Car Window Privacy Curtains Sunshade Side Magnet Pleated - Removable - Keeps Cooler Screen for Baby (Car Curtain-Black)",Rs. 669,3.7,https://g.sdlcdn.com/imgs/k/4/a/4pcs-Universal-Fit-Magnetic-Car-SDL091886683-1-ddbbb.jpg?w=220&h=258&sharp=7,https://www.snapdeal.com/product/4pcs-universal-fit-magnetic-car/621419282242#bcrumbSearch:accessories|bcrumbLabelId:310
2026-02-15 12:08:19,Accessories,Automotive,AUTOGROOMZ Windshield Only Double Clamp Car Mobile Holder - Black,Rs. 217,3.8,https://g.sdlcdn.com/imgs/k/w/5/AUTOGROOMZ-Windshield-Only-Double-Clamp-SDL331657889-1-6f1a8.jpg?w=220&h=258&sharp=7,https://www.snapdeal.com/product/autogroomz-windshield-only-double-clamp/678247143730#bcrumbSearch:accessories|bcrumbLabelId:310
2026-02-15 12:08:19,Accessories,Automotive,star light for car interior,Rs. 233,4.6,https://g.sdlcdn.com/imgs/k/5/h/star-light-for-car-interior-SDL263445345-1-23ea6.png?w=220&h=258&sharp=7,https://www.snapdeal.com/product/star-light-for-car-interior/664990359961#bcrumbSearch:accessories|bcrumbLabelId:310
2026-02-15 12:08:20,Accessories,Automotive,"Portronics Clamp M3 Adjustable Car Mobile Phone Holder Stand for Dashboard & Windshield, 360degree Rotational, Strong Suction Cup, Compatible with 4 to 6 inch Devices(Black)",Rs. 268,4.4,https://g.sdlcdn.com/imgs/k/q/q/Portronics-Dashboard-Windshield-Single-Clamp-SDL794135935-1-1a655.jpg?w=220&h=258&sharp=7,https://www.snapdeal.com/product/portronics-dashboard-windshield-single-clamp/666956279139#bcrumbSearch:accessories|bcrumbLabelId:310
2026-02-15 12:08:20,Accessories,Automotive,"Car Sunshade Windshield Cover, Umbrella Windshield Sunshade for Car Front Window Sun Protection & Heat Insulation Foldable Sun Shade Full Cover Sunshade for Most Vehicles,",Rs. 327,4.2,https://g.sdlcdn.com/imgs/k/5/l/Car-Sunshade-Windshield-Cover-Umbrella-SDL906643658-1-7e84e.jpg?w=220&h=258&sharp=7,https://www.snapdeal.com/product/car-sunshade-windshield-cover-umbrella/661998164612#bcrumbSearch:accessories|bcrumbLabelId:310
2026-02-15 12:08:20,Accessories,Automotive,DIGIHUB Car Mobile Charger Dual Multicolour,Rs. 144,3.7,https://g.sdlcdn.com/imgs/k/t/i/DIGIHUB-Car-Mobile-Charger-Dual-SDL883900531-1-15327.jpg?w=220&h=258&sharp=7,https://www.snapdeal.com/product/digihub-car-mobile-charger-dual/671437652123#bcrumbSearch:accessories|bcrumbLabelId:310
2026-02-15 12:08:20,Accessories,Automotive,AUTOGROOMZ Windshield Only Double Clamp Car Mobile Holder - Black,Rs. 282,4.1,https://g.sdlcdn.com/imgs/k/1/5/AUTOGROOMZ-Windshield-Only-Double-Clamp-SDL609166407-1-8bfb6.jpg?w=220&h=258&sharp=7,https://www.snapdeal.com/product/autogroomz-windshield-only-double-clamp/636750535765#bcrumbSearch:accessories|bcrumbLabelId:310
2026-02-15 12:08:20,Accessories,Automotive,"Portronics Car Power 5 Car Charger with Dual USB Ports ,Black (POR 1345) wihtout cable",Rs. 204,4.2,https://g.sdlcdn.com/imgs/k/h/t/Portronics-Car-Mobile-Charger-Car-SDL274047022-1-fed60.jpg?w=220&h=258&sharp=7,https://www.snapdeal.com/product/portronics-car-mobile-charger-por1345/620989469414#bcrumbSearch:accessories|bcrumbLabelId:310
2026-02-15 12:08:20,Accessories,Automotive,QitmirMKT NEW KEYCHAIN LIGHTER WITH HIGH POWER LIGHT Multicolor Multipurpose Car Cigarette Lighter ( Pack of 1 ),Rs. 238,3.9,,https://www.snapdeal.com/product/qitmirmkt-new-keychain-lighter-with/658039144835#bcrumbSearch:accessories|bcrumbLabelId:310
2026-02-15 12:08:20,Accessories,Automotive,GEEO Accu Pressure Bead Back / Lumbar Support Single Black,Rs. 223,4.0,,https://www.snapdeal.com/product/geeo-accu-pressure-bead-back/643142550900#bcrumbSearch:accessories|bcrumbLabelId:310
2026-02-15 12:08:26,Accessories,"Car Accessories
23371","4pcs Universal Fit Magnetic Car Side Window Curtains, Foldable Car Window Privacy Curtains Sunshade Side Magnet Pleated - Removable - Keeps Cooler Screen for Baby (Car Curtain-Black)",Rs. 669,3.7,https://g.sdlcdn.com/imgs/k/4/a/4pcs-Universal-Fit-Magnetic-Car-SDL091886683-1-ddbbb.jpg?w=220&h=258&sharp=7,https://www.snapdeal.com/product/4pcs-universal-fit-magnetic-car/621419282242#bcrumbSearch:accessories|bcrumbLabelId:313
2026-02-15 12:08:26,Accessories,"Car Accessories
23371","Portronics Car Power 5 Car Charger with Dual USB Ports ,Black (POR 1345) wihtout cable",Rs. 204,4.2,https://g.sdlcdn.com/imgs/k/h/t/Portronics-Car-Mobile-Charger-Car-SDL274047022-1-fed60.jpg?w=220&h=258&sharp=7,https://www.snapdeal.com/product/portronics-car-mobile-charger-por1345/620989469414#bcrumbSearch:accessories|bcrumbLabelId:313
2026-02-15 12:08:26,Accessories,"Car Accessories
23371",Mitchell 12V DC Electric Car Single Head Fan for Dashboad 360 Degree Rotatable Car Auto Powerful Cooling Air Fan For Swift Dzire 2017,Rs. 466,5.0,https://g.sdlcdn.com/imgs/k/8/g/Selifaur-Dashboard-Fan-Black-SDL896318352-1-2124e.jpg?w=220&h=258&sharp=7,https://www.snapdeal.com/product/selifaur-dashboard-fan-black/664279839898#bcrumbSearch:accessories|bcrumbLabelId:313
2026-02-15 12:08:26,Accessories,"Car Accessories
23371",AUTOGROOMZ Windshield Only Double Clamp Car Mobile Holder - Black,Rs. 217,3.8,https://g.sdlcdn.com/imgs/k/w/5/AUTOGROOMZ-Windshield-Only-Double-Clamp-SDL331657889-1-6f1a8.jpg?w=220&h=258&sharp=7,https://www.snapdeal.com/product/autogroomz-windshield-only-double-clamp/678247143730#bcrumbSearch:accessories|bcrumbLabelId:313
2026-02-15 12:08:26,Accessories,"Car Accessories
23371",RAMDEV ENTERPRISE Multi Pocket Organizer for Beige,Rs. 281,4.4,https://g.sdlcdn.com/imgs/k/x/z/RAMDEV-ENTERPRISE-Multi-Pocket-Organizer-SDL920667696-1-106a2.jpg?w=220&h=258&sharp=7,https://www.snapdeal.com/product/ramdev-enterprise-multi-pocket-organizer/626013142346#bcrumbSearch:accessories|bcrumbLabelId:313
2026-02-15 12:08:26,Accessories,"Car Accessories
23371","5 In 1 Multi Pin Universal Portable Adapter And Car Mobile Charging Cable For (iPhone,Type C and Micro USB)",Rs. 254,4.0,https://g.sdlcdn.com/imgs/k/f/a/thriftkart-Car-Mobile-Charger-5-SDL376988961-1-2cf91.jpg?w=220&h=258&sharp=7,https://www.snapdeal.com/product/thriftkart-car-mobile-charger-5/643705858919#bcrumbSearch:accessories|bcrumbLabelId:313
2026-02-15 12:08:27,Accessories,"Car Accessories
23371","GEEO Universal Car Steering Knob, Car Steering Wheel Knob, Steering Wheel Spinner Knob, 360° Rotation Booster (3R Original)",Rs. 331,4.1,https://g.sdlcdn.com/imgs/k/x/s/GEEO-Universal-Car-Steering-Knob-SDL910671069-1-2d729.jpg?w=220&h=258&sharp=7,https://www.snapdeal.com/product/geeo-universal-car-steering-knob/662067935118#bcrumbSearch:accessories|bcrumbLabelId:313
2026-02-15 12:08:27,Accessories,"Car Accessories
23371","Portronics Clamp M3 Adjustable Car Mobile Phone Holder Stand for Dashboard & Windshield, 360degree Rotational, Strong Suction Cup, Compatible with 4 to 6 inch Devices(Black)",Rs. 268,4.4,https://g.sdlcdn.com/imgs/k/q/q/Portronics-Dashboard-Windshield-Single-Clamp-SDL794135935-1-1a655.jpg?w=220&h=258&sharp=7,https://www.snapdeal.com/product/portronics-dashboard-windshield-single-clamp/666956279139#bcrumbSearch:accessories|bcrumbLabelId:313
2026-02-15 12:08:27,Accessories,"Car Accessories
23371",CAMPARK Cup & Can Holder for Black,Rs. 173,4.1,,https://www.snapdeal.com/product/campark-cup-can-holder-for/666085392255#bcrumbSearch:accessories|bcrumbLabelId:313
2026-02-15 12:08:27,Accessories,"Car Accessories
23371","delhideals Indian Flag for Car Dashboard, Office Table, Study Table & Drawing Table",Rs. 195,4.2,,https://www.snapdeal.com/product/delhideals-others-in-car-decor/622548856924#bcrumbSearch:accessories|bcrumbLabelId:313
2026-02-15 12:08:36,Accessories,"Bike Accessories
34835",AUTOEXO Fog Light For All Bike Make ( Pack of 1 ),Rs. 186,3.8,https://g.sdlcdn.com/imgs/l/b/8/AUTOEXO-Fog-Light-For-All-SDL564543496-1-3df0b.png?w=220&h=258&sharp=7,https://www.snapdeal.com/product/autoexo-fog-light-for-all/663963093142#bcrumbSearch:accessories|bcrumbLabelId:317
2026-02-15 12:08:36,Accessories,"Bike Accessories
34835",Bentag Men's and Women's Hand Cover Thumb hole Arm Sleeves Cold & Sun Protective Pack of 1 Pair,Rs. 110,4.0,https://g.sdlcdn.com/imgs/j/w/v/Bentag-Men-s-and-Women-SDL562542606-1-34d14.jpg?w=220&h=258&sharp=7,https://www.snapdeal.com/product/bentag-mens-and-womens-hand/651731124472#bcrumbSearch:accessories|bcrumbLabelId:317
2026-02-15 12:08:36,Accessories,"Bike Accessories
34835","Portronics Mobike 4 Bike Phone Mount with 360degree Rotational, Strong Hold for Bicycle, Motorcycle Compatible with 4.7 to 6.8 inch Devices(Black)",Rs. 248,4.3,https://g.sdlcdn.com/imgs/k/u/9/Portronics-Mobike-4-Bike-Phone-SDL951110558-1-22a1e.jpg?w=220&h=258&sharp=7,https://www.snapdeal.com/product/portronics-mobike-4-bike-phone/662449472562#bcrumbSearch:accessories|bcrumbLabelId:317
2026-02-15 12:08:36,Accessories,"Bike Accessories
34835","JVG Bike Body Cover for Hero Splendor Plus ( Pack of 1 ) , Blue",Rs. 226,4.3,https://g.sdlcdn.com/imgs/k/y/1/JVG-Bike-Body-Cover-for-SDL930763218-1-dffb9.jpg?w=220&h=258&sharp=7,https://www.snapdeal.com/product/jvg-bike-body-cover-for/623213842225#bcrumbSearch:accessories|bcrumbLabelId:317
2026-02-15 12:08:36,Accessories,"Bike Accessories
34835","Universal Bike Mobile Stand Metal Body 360 Degree Rotating | Mirror Cradle Stand Full Metal Body Bike & Scooty Mobile Holder Stand for Bicycle, Motorcycle, Scooty with All Smartphones",Rs. 197,4.1,https://g.sdlcdn.com/imgs/k/z/h/Universal-Bike-Mobile-Stand-Metal-SDL119339676-1-f074a.jpg?w=220&h=258&sharp=7,https://www.snapdeal.com/product/universal-bike-mobile-stand-metal/626318451891#bcrumbSearch:accessories|bcrumbLabelId:317
2026-02-15 12:08:36,Accessories,"Bike Accessories
34835",Nimeka Black Solid Riding Sleeves ( Single Set ),Rs. 117,3.6,https://g.sdlcdn.com/imgs/k/t/u/Nimeka-Black-Solid-Riding-Sleeves-SDL137292891-1-80dd8.jpeg?w=220&h=258&sharp=7,https://www.snapdeal.com/product/nimeka-black-solid-riding-sleeves/620199304742#bcrumbSearch:accessories|bcrumbLabelId:317
2026-02-15 12:08:36,Accessories,"Bike Accessories
34835",SAPI'S Bike Mobile Holder (Black),Rs. 222,4.1,https://g.sdlcdn.com/imgs/k/8/3/SAPI-S-Bike-Mobile-Holder-SDL288982447-1-8f447.jpg?w=220&h=258&sharp=7,https://www.snapdeal.com/product/sapis-bike-mobile-holder-black/676517117279#bcrumbSearch:accessories|bcrumbLabelId:317
2026-02-15 12:08:37,Accessories,"Bike Accessories
34835",Motorcycle Shock Absorber Height Extension,Rs. 221,5.0,https://g.sdlcdn.com/imgs/l/c/k/Motorcycle-Shock-Absorber-Height-Extension-SDL937335070-1-86527.jpg?w=220&h=258&sharp=7,https://www.snapdeal.com/product/motorcycle-shock-absorber-height-extension/668922575265#bcrumbSearch:accessories|bcrumbLabelId:317
2026-02-15 12:08:37,Accessories,"Bike Accessories
34835","Arm Sleeves for Men & Women UV Protection Hand Sleeves with Thumb for Boys & Girls Sun Protection Sleeves for Men Arm Sleeves for Women for Running, Hand Cover for Bike Riding, 1 Pair",Rs. 125,3.8,,https://www.snapdeal.com/product/arm-sleeves-for-men-women/672772151397#bcrumbSearch:accessories|bcrumbLabelId:317
2026-02-15 12:08:37,Accessories,"Bike Accessories
34835","Arm Sleeves for Men & Women UV Protection Hand Sleeves for Boys & Girls Sun Protection Sleeves for Men Arm Sleeves for Women for Running, Hand Cover Arm Sleeves for Bike Riding - 1 Pair",Rs. 125,4.3,,https://www.snapdeal.com/product/arm-sleeves-for-men-women/673464361858#bcrumbSearch:accessories|bcrumbLabelId:317
2026-02-15 12:09:25,Footwear,Footwear,Cozy Wear Black Men's Daily Slipper,Rs. 183,4.1,https://g.sdlcdn.com/imgs/l/b/z/Cozy-Wear-Black-Men-s-SDL893990104-1-75a6c.JPG?w=220&h=258&sharp=7,https://www.snapdeal.com/product/cozy-wear-black-mens-daily/627242744127#bcrumbSearch:footwear|bcrumbLabelId:4583
2026-02-15 12:09:25,Footwear,Footwear,Xtoon Grey Men's Outdoor Shoes,Rs. 498,3.7,https://g.sdlcdn.com/imgs/k/x/q/Xtoon-Grey-Men-s-Outdoor-SDL797293333-1-384e9.jpg?w=220&h=258&sharp=7,https://www.snapdeal.com/product/xtoon-grey-mens-outdoor-shoes/664057051788#bcrumbSearch:footwear|bcrumbLabelId:4583
2026-02-15 12:09:25,Footwear,Footwear,AROTEK Grey Men's Daily Slipper,Rs. 191,4.3,https://g.sdlcdn.com/imgs/l/a/g/AROTEK-Grey-Men-s-Daily-SDL892096973-1-57e53.jpg?w=220&h=258&sharp=7,https://www.snapdeal.com/product/arotek-grey-mens-daily-slipper/664150090808#bcrumbSearch:footwear|bcrumbLabelId:4583
2026-02-15 12:09:26,Footwear,Footwear,Stylestry Black Women's Flats,Rs. 423,4.0,https://g.sdlcdn.com/imgs/k/z/t/Stylestry-Black-Women-s-Flats-SDL928882651-1-9230e.jpg?w=220&h=258&sharp=7,https://www.snapdeal.com/product/stylestry-black-womens-flats/672921904889#bcrumbSearch:footwear|bcrumbLabelId:4583
2026-02-15 12:09:26,Footwear,Footwear,GG360 Black Women's Sandal Heels,Rs. 570,3.8,https://g.sdlcdn.com/imgs/l/d/x/GG360-Black-Women-s-Sandal-SDL796077429-1-26e7f.jpg?w=220&h=258&sharp=7,https://www.snapdeal.com/product/gg360-black-womens-sandal-heels/668191607529#bcrumbSearch:footwear|bcrumbLabelId:4583
2026-02-15 12:09:26,Footwear,Footwear,Cozy Wear Brown Men's Daily Slipper,Rs. 193,4.1,https://g.sdlcdn.com/imgs/k/3/f/Cozy-Wear-Brown-Men-s-SDL005011830-1-0322f.JPG?w=220&h=258&sharp=7,https://www.snapdeal.com/product/cozy-wear-brown-mens-daily/6917529705592538103#bcrumbSearch:footwear|bcrumbLabelId:4583
2026-02-15 12:09:26,Footwear,Footwear,Leeport Black Men's Mocassin Formal Shoes,Rs. 551,4.2,https://g.sdlcdn.com/imgs/k/v/p/Leeport-Black-Men-s-Mocassin-SDL834943808-1-11ac1.jpg?w=220&h=258&sharp=7,https://www.snapdeal.com/product/leeport-black-mens-mocassin-formal/635919284117#bcrumbSearch:footwear|bcrumbLabelId:4583
2026-02-15 12:09:26,Footwear,Footwear,FUSEOWL Maroon Women's Flip Flop,Rs. 171,4.2,https://g.sdlcdn.com/imgs/k/y/y/FUSEOWL-Maroon-Women-s-Flip-SDL657286690-1-b6bb8.jpeg?w=220&h=258&sharp=7,https://www.snapdeal.com/product/fuseowl-maroon-womens-flip-flop/623019124415#bcrumbSearch:footwear|bcrumbLabelId:4583
2026-02-15 12:09:26,Footwear,Footwear,Z Brown Men's Slide Flip Flop,Rs. 279,4.0,,https://www.snapdeal.com/product/z-brown-mens-slide-flip/648361179712#bcrumbSearch:footwear|bcrumbLabelId:4583
2026-02-15 12:09:26,Footwear,Footwear,YNP Design Collections Brown Women's Ethnic Ballerinas,Rs. 411,4.4,,https://www.snapdeal.com/product/ynp-design-collections-brown-womens/650954141423#bcrumbSearch:footwear|bcrumbLabelId:4583
2026-02-15 12:09:33,Footwear,"Women'S Footwear
20648",Citipiti ind. Green Women's Flats,Rs. 208,4.3,https://g.sdlcdn.com/imgs/l/c/s/Citipiti-ind-Green-Women-s-SDL810879002-1-a25ce.jpg?w=220&h=258&sharp=7,https://www.snapdeal.com/product/citipiti-ind-green-womens-flats/630619963366#bcrumbSearch:footwear|bcrumbLabelId:227
2026-02-15 12:09:33,Footwear,"Women'S Footwear
20648",GG360 Black Women's Sandal Heels,Rs. 570,3.8,https://g.sdlcdn.com/imgs/l/d/x/GG360-Black-Women-s-Sandal-SDL796077429-1-26e7f.jpg?w=220&h=258&sharp=7,https://www.snapdeal.com/product/gg360-black-womens-sandal-heels/668191607529#bcrumbSearch:footwear|bcrumbLabelId:227
2026-02-15 12:09:33,Footwear,"Women'S Footwear
20648",ZOOMBIE Beige Women's Slide Flip Flop,Rs. 331,4.2,https://g.sdlcdn.com/imgs/l/e/u/ZOOMBIE-Beige-Women-s-Slide-SDL079053012-1-78341.jpg?w=220&h=258&sharp=7,https://www.snapdeal.com/product/zoombie-beige-womens-slide-flip/649289016256#bcrumbSearch:footwear|bcrumbLabelId:227
2026-02-15 12:09:33,Footwear,"Women'S Footwear
20648",YNP Design Collections Brown Women's Ethnic Ballerinas,Rs. 411,4.4,https://g.sdlcdn.com/imgs/l/d/1/YNP-Design-Collections-Brown-Women-SDL179726283-1-b5ab0.png?w=220&h=258&sharp=7,https://www.snapdeal.com/product/ynp-design-collections-brown-womens/650954141423#bcrumbSearch:footwear|bcrumbLabelId:227
2026-02-15 12:09:33,Footwear,"Women'S Footwear
20648",Campus - Black Women's Running Shoes,Rs. 683,4.2,https://g.sdlcdn.com/imgs/k/z/h/Campus-Black-Women-s-Running-SDL087192264-1-7d6b0.jpg?w=220&h=258&sharp=7,https://www.snapdeal.com/product/campus-black-womens-running-shoes/685557443633#bcrumbSearch:footwear|bcrumbLabelId:227
2026-02-15 12:09:33,Footwear,"Women'S Footwear
20648",PENNEN Green Women's Flats,Rs. 270,3.8,https://g.sdlcdn.com/imgs/k/w/0/PENNEN-Green-Women-s-Flats-SDL513554743-1-b2f31.jpg?w=220&h=258&sharp=7,https://www.snapdeal.com/product/pennen-blue-womens-flats/5764608194055203549#bcrumbSearch:footwear|bcrumbLabelId:227
2026-02-15 12:09:33,Footwear,"Women'S Footwear
20648",KIOS Beige Women's Clogs,Rs. 390,4.3,https://g.sdlcdn.com/imgs/l/e/9/KIOS-Beige-Women-s-Clogs-SDL505344876-1-d2861.jpg?w=220&h=258&sharp=7,https://www.snapdeal.com/product/kios-beige-womens-clogs/662132427714#bcrumbSearch:footwear|bcrumbLabelId:227
2026-02-15 12:09:34,Footwear,"Women'S Footwear
20648",Paduki Gold Women's Flats,Rs. 280,4.0,https://g.sdlcdn.com/imgs/k/v/1/Paduki-Gold-Women-s-Flats-SDL486066783-1-8d284.jpg?w=220&h=258&sharp=7,https://www.snapdeal.com/product/paduki-pink-womens-flats/5764608156845464094#bcrumbSearch:footwear|bcrumbLabelId:227
2026-02-15 12:09:34,Footwear,"Women'S Footwear
20648",PENNEN Blue Women's Flats,Rs. 270,3.8,,https://www.snapdeal.com/product/pennen-blue-womens-flats/6917529698662050525#bcrumbSearch:footwear|bcrumbLabelId:227
2026-02-15 12:09:34,Footwear,"Women'S Footwear
20648",Altek PeachPuff Women's Flats,Rs. 244,4.0,,https://www.snapdeal.com/product/altek-peachpuff-womens-flats/6917529694629224153#bcrumbSearch:footwear|bcrumbLabelId:227
2026-02-15 12:09:39,Footwear,"Men'S Footwear
25197",Cozy Wear Black Men's Daily Slipper,Rs. 183,4.1,https://g.sdlcdn.com/imgs/l/b/z/Cozy-Wear-Black-Men-s-SDL893990104-1-75a6c.JPG?w=220&h=258&sharp=7,https://www.snapdeal.com/product/cozy-wear-black-mens-daily/627242744127#bcrumbSearch:footwear|bcrumbLabelId:18
2026-02-15 12:09:39,Footwear,"Men'S Footwear
25197",Xtoon Grey Men's Outdoor Shoes,Rs. 498,3.7,https://g.sdlcdn.com/imgs/k/x/q/Xtoon-Grey-Men-s-Outdoor-SDL797293333-1-384e9.jpg?w=220&h=258&sharp=7,https://www.snapdeal.com/product/xtoon-grey-mens-outdoor-shoes/664057051788#bcrumbSearch:footwear|bcrumbLabelId:18
2026-02-15 12:09:39,Footwear,"Men'S Footwear
25197",AROTEK Grey Men's Daily Slipper,Rs. 191,4.3,https://g.sdlcdn.com/imgs/l/a/g/AROTEK-Grey-Men-s-Daily-SDL892096973-1-57e53.jpg?w=220&h=258&sharp=7,https://www.snapdeal.com/product/arotek-grey-mens-daily-slipper/664150090808#bcrumbSearch:footwear|bcrumbLabelId:18
2026-02-15 12:09:39,Footwear,"Men'S Footwear
25197",hanuco Height Increasing Insoles,Rs. 301,4.1,https://g.sdlcdn.com/imgs/l/b/m/hanuco-Height-Increasing-Insoles-SDL871901066-1-1c180.jpg?w=220&h=258&sharp=7,https://www.snapdeal.com/product/hanuco-height-increasing-insoles/630881449671#bcrumbSearch:footwear|bcrumbLabelId:18
2026-02-15 12:09:39,Footwear,"Men'S Footwear
25197",Cozy Wear Brown Men's Daily Slipper,Rs. 193,4.1,https://g.sdlcdn.com/imgs/k/3/f/Cozy-Wear-Brown-Men-s-SDL005011830-1-0322f.JPG?w=220&h=258&sharp=7,https://www.snapdeal.com/product/cozy-wear-brown-mens-daily/6917529705592538103#bcrumbSearch:footwear|bcrumbLabelId:18
2026-02-15 12:09:40,Footwear,"Men'S Footwear
25197",ROGZI Cream Polish Suitable for Neutral Color,Rs. 181,3.7,https://g.sdlcdn.com/imgs/l/a/m/ROGZI-Cream-Polish-Suitable-for-SDL155220932-1-3c68f.jpg?w=220&h=258&sharp=7,https://www.snapdeal.com/product/rogzi-cream-polish-suitable-for/662210773377#bcrumbSearch:footwear|bcrumbLabelId:18
2026-02-15 12:09:40,Footwear,"Men'S Footwear
25197",Leeport Black Men's Mocassin Formal Shoes,Rs. 551,4.2,https://g.sdlcdn.com/imgs/k/v/p/Leeport-Black-Men-s-Mocassin-SDL834943808-1-11ac1.jpg?w=220&h=258&sharp=7,https://www.snapdeal.com/product/leeport-black-mens-mocassin-formal/635919284117#bcrumbSearch:footwear|bcrumbLabelId:18
2026-02-15 12:09:40,Footwear,"Men'S Footwear
25197",Cloker Grey Men's Slide Flip Flop,Rs. 235,3.9,https://g.sdlcdn.com/imgs/l/c/d/Cloker-Grey-Men-s-Slide-SDL620060871-1-57e0a.jpg?w=220&h=258&sharp=7,https://www.snapdeal.com/product/cloker-white-mens-slide-flip/5764608170843168754#bcrumbSearch:footwear|bcrumbLabelId:18
2026-02-15 12:09:40,Footwear,"Men'S Footwear
25197",Cozy Wear Olive Men's Daily Slipper,Rs. 193,4.1,,https://www.snapdeal.com/product/cozy-wear-brown-mens-daily/5764608200985691127#bcrumbSearch:footwear|bcrumbLabelId:18
2026-02-15 12:09:40,Footwear,"Men'S Footwear
25197",PERY PAO Black Men's Slide Flip Flop,Rs. 226,3.8,,https://www.snapdeal.com/product/pery-pao-black-mens-slide/680712033058#bcrumbSearch:footwear|bcrumbLabelId:18
2026-02-15 12:09:46,Footwear,"Kid'S Footwear
7908",Bersache - Orange Girl's Sports Shoes ( 1 Pair ),Rs. 520,3.7,https://g.sdlcdn.com/imgs/k/2/c/Bersache-Orange-Girl-s-Sports-SDL903418800-1-67819.jpg?w=220&h=258&sharp=7,https://www.snapdeal.com/product/bersache-orange-girls-sports-shoes/639503954863#bcrumbSearch:footwear|bcrumbLabelId:493
2026-02-15 12:09:46,Footwear,"Kid'S Footwear
7908",Modern Stylish Latest Kids Girls And Kids Boys Clog Flip Flops,Rs. 262,4.0,https://g.sdlcdn.com/imgs/k/o/l/Modern-Stylish-Latest-Kids-Girls-SDL014108503-1-c7991.jpg?w=220&h=258&sharp=7,https://www.snapdeal.com/product/modern-stylish-latest-kids-girls/674135782052#bcrumbSearch:footwear|bcrumbLabelId:493
2026-02-15 12:09:46,Footwear,"Kid'S Footwear
7908",Asian Black School Shoes for Boys,Rs. 245,4.0,https://g.sdlcdn.com/imgs/a/6/l/Asian-Black-School-Shoes-for-SDL251985054-1-645f4.jpg?w=220&h=258&sharp=7,https://www.snapdeal.com/product/asian-black-school-shoes-for/680077552032#bcrumbSearch:footwear|bcrumbLabelId:493
2026-02-15 12:09:46,Footwear,"Kid'S Footwear
7908",Bersache - Light Grey Boy's Clogs ( 1 Pair ),Rs. 364,3.5,https://g.sdlcdn.com/imgs/k/1/t/Bersache-Light-Grey-Boy-s-SDL112246592-1-4484e.jpg?w=220&h=258&sharp=7,https://www.snapdeal.com/product/bersache-blue-boys-clogs-1/653135039525#bcrumbSearch:footwear|bcrumbLabelId:493
2026-02-15 12:09:46,Footwear,"Kid'S Footwear
7908",Neska Moda Pack Of 2 Baby Infant Soft Black and Pink Booties/Shoes For 0 To 12 Months,Rs. 318,4.2,https://g.sdlcdn.com/imgs/j/x/6/Neska-Moda-Pack-Of-2-SDL029275606-1-dca05.jpeg?w=220&h=258&sharp=7,https://www.snapdeal.com/product/neska-moda-pack-of-2/645453358592#bcrumbSearch:footwear|bcrumbLabelId:493
2026-02-15 12:09:46,Footwear,"Kid'S Footwear
7908",secritas Boys & Girls Slip On Slipper Flip Flop,Rs. 182,4.0,https://g.sdlcdn.com/imgs/k/n/w/secritas-Boys-Girls-Slip-On-SDL522244244-1-f8ff5.jpg?w=220&h=258&sharp=7,https://www.snapdeal.com/product/secritas-boys-girls-slip-on/623313685449#bcrumbSearch:footwear|bcrumbLabelId:493
2026-02-15 12:09:46,Footwear,"Kid'S Footwear
7908",Modern Stylish Kids Girls Casual Partywear Soft Padded Sandals,Rs. 302,4.3,https://g.sdlcdn.com/imgs/k/o/8/Modern-Stylish-Kids-Girls-Casual-SDL792309415-1-df2b7.jpg?w=220&h=258&sharp=7,https://www.snapdeal.com/product/modern-stylish-kids-girls-casual/658869738558#bcrumbSearch:footwear|bcrumbLabelId:493
2026-02-15 12:09:46,Footwear,"Kid'S Footwear
7908",RITA-KIDS-HAWAI-MINIPANDA5STUDD-SLIPPER,Rs. 155,4.2,https://g.sdlcdn.com/imgs/k/0/s/RITA-KIDS-HAWAI-MINIPANDA5STUDD-SLIPPER-SDL886386920-1-96614.jpg?w=220&h=258&sharp=7,https://www.snapdeal.com/product/ritakidshawaiminipanda5studdslipper/8070451204335531101#bcrumbSearch:footwear|bcrumbLabelId:493
2026-02-15 12:09:46,Footwear,"Kid'S Footwear
7908",Coolz Kids Chu-Chu Sound Musical Sandals C-06 for Baby Boys and Girls Age 1-3 Years,Rs. 256,4.4,,https://www.snapdeal.com/product/coolz-kids-chuchu-sound-musical/665064214629#bcrumbSearch:footwear|bcrumbLabelId:493
2026-02-15 12:09:47,Footwear,"Kid'S Footwear
7908",ICONIC ME - Pink Boy's LED Shoes ( 1 Pair ),Rs. 472,4.3,,https://www.snapdeal.com/product/iconic-me-pink-boys-led/678356357729#bcrumbSearch:footwear|bcrumbLabelId:493
2026-02-15 12:10:38,Kids Fashion,pari dress,"Toy Balloon Kids Net Dress For Girls ( Pack of 1 , White )",Rs. 531,4.7,https://g.sdlcdn.com/imgs/k/7/2/Toy-Balloon-Kids-Net-Dress-SDL188417704-1-c9c51.jpg?w=220&h=258&sharp=7,https://www.snapdeal.com/product/toy-balloon-kids-net-dress/630095558450#bcrumbSearch:pari%20dress
2026-02-15 12:10:38,Kids Fashion,pari dress,"Toy Balloon Kids Net Dress For Girls ( Pack of 1 , Purple )",Rs. 554,5.0,https://g.sdlcdn.com/imgs/k/6/h/Toy-Balloon-Kids-Net-Dress-SDL886347735-1-ec4aa.jpg?w=220&h=258&sharp=7,https://www.snapdeal.com/product/toy-balloon-kids-net-dress/626399038701#bcrumbSearch:pari%20dress
2026-02-15 12:10:39,Kids Fashion,pari dress,"Toy Balloon Kids Net Fit And Flare Dress For Girls ( Pack of 1 , Royal Blue )",Rs. 358,4.0,https://g.sdlcdn.com/imgs/k/u/3/Toy-Balloon-Kids-Royal-Blue-SDL240308638-1-bc4e4.jpg?w=220&h=258&sharp=7,https://www.snapdeal.com/product/toy-balloon-kids-royal-blue/642133623635#bcrumbSearch:pari%20dress
2026-02-15 12:10:39,Kids Fashion,pari dress,"Toy Balloon Kids Net Dress For Girls ( Pack of 1 , Pink )",Rs. 496,5.0,https://g.sdlcdn.com/imgs/k/6/h/Toy-Balloon-Kids-Net-Dress-SDL203100047-1-d8498.jpg?w=220&h=258&sharp=7,https://www.snapdeal.com/product/toy-balloon-kids-net-dress/638704588992#bcrumbSearch:pari%20dress
2026-02-15 12:10:39,Kids Fashion,pari dress,"Goodluck Swimming Costume For Kids, Girls",Rs. 577,5.0,https://g.sdlcdn.com/imgs/j/p/6/Goodluck-Swimming-Costume-For-Kids-SDL189092787-1-cc302.JPG?w=220&h=258&sharp=7,https://www.snapdeal.com/product/goodluck-swimming-costume-for-kids/6917529648761075530#bcrumbSearch:pari%20dress
2026-02-15 12:10:39,Kids Fashion,pari dress,"Toy Balloon Kids Net Dress For Girls ( Pack of 1 , Coral )",Rs. 439,5.0,https://g.sdlcdn.com/imgs/k/6/h/Toy-Balloon-Kids-Net-Dress-SDL101369880-1-8994e.jpg?w=220&h=258&sharp=7,https://www.snapdeal.com/product/toy-balloon-kids-net-dress/658077363678#bcrumbSearch:pari%20dress
2026-02-15 12:10:40,Kids Fashion,pari dress,"Toy Balloon Kids Net Fit And Flare Dress For Girls ( Pack of 1 , White )",Rs. 531,5.0,https://g.sdlcdn.com/imgs/k/v/t/Toy-Balloon-Kids-White-Net-SDL723621136-1-09be0.jpg?w=220&h=258&sharp=7,https://www.snapdeal.com/product/toy-balloon-kids-white-net/640947190258#bcrumbSearch:pari%20dress
2026-02-15 12:10:40,Kids Fashion,pari dress,"Toy Balloon Kids Net Fit And Flare Dress For Girls ( Pack of 1 , PeachPuff )",Rs. 358,4.7,https://g.sdlcdn.com/imgs/k/u/3/Toy-Balloon-Kids-PeachPuff-Net-SDL143652972-1-dcf68.jpg?w=220&h=258&sharp=7,https://www.snapdeal.com/product/toy-balloon-kids-peachpuff-net/655770523709#bcrumbSearch:pari%20dress
2026-02-15 12:10:40,Kids Fashion,pari dress,Toy Balloon Kids - Navy Blue Net Girls Fit And Flare Dress ( Pack of 1 ),Rs. 589,,,https://www.snapdeal.com/product/toy-balloon-kids-navy-blue/674334386484#bcrumbSearch:pari%20dress
2026-02-15 12:10:40,Kids Fashion,pari dress,"Toy Balloon Kids Net Fit And Flare Dress For Girls ( Pack of 1 , Lemon )",Rs. 531,4.8,,https://www.snapdeal.com/product/toy-balloon-kids-lemon-net/8070451178131729750#bcrumbSearch:pari%20dress
2026-02-15 12:10:46,Kids Fashion,gown girl,"DS DRESSES Net Gown For Girls ( Pack of 1 , Yellow )",Rs. 318,4.3,https://g.sdlcdn.com/imgs/k/3/f/DS-DRESSES-Net-Gown-For-SDL010642904-1-4760d.jpg?w=220&h=258&sharp=7,https://www.snapdeal.com/product/ds-dresses-net-dress-for/6917529703973620594#bcrumbSearch:gown%20girl
2026-02-15 12:10:46,Kids Fashion,gown girl,"Toy Balloon Kids Polyester Gown For Girls ( Pack of 1 , Baby Pink )",Rs. 589,4.0,https://g.sdlcdn.com/imgs/k/7/2/Toy-Balloon-Kids-Polyester-Gown-SDL253446255-1-80eb8.jpg?w=220&h=258&sharp=7,https://www.snapdeal.com/product/toy-balloon-kids-polyester-gown/625392579035#bcrumbSearch:gown%20girl
2026-02-15 12:10:46,Kids Fashion,gown girl,"DS DRESSES Net Gown For Girls ( Pack of 1 , Red )",Rs. 291,4.2,https://g.sdlcdn.com/imgs/k/3/f/DS-DRESSES-Net-Gown-For-SDL483743354-1-bb0df.jpg?w=220&h=258&sharp=7,https://www.snapdeal.com/product/ds-dresses-net-gown-for/6917529663943045600#bcrumbSearch:gown%20girl
2026-02-15 12:10:46,Kids Fashion,gown girl,"DS DRESSES Net Gown For Girls ( Pack of 1 , Yellow )",Rs. 318,3.7,https://g.sdlcdn.com/imgs/k/5/m/DS-DRESSES-Net-Gown-For-SDL080968394-1-6c19f.png?w=220&h=258&sharp=7,https://www.snapdeal.com/product/ds-dresses-net-gown-for/675325804507#bcrumbSearch:gown%20girl
2026-02-15 12:10:47,Kids Fashion,gown girl,"Toy Balloon Kids Polyester Gown For Girls ( Pack of 1 , Green )",Rs. 589,,https://g.sdlcdn.com/imgs/k/7/2/Toy-Balloon-Kids-Polyester-Gown-SDL213367472-1-2e979.jpg?w=220&h=258&sharp=7,https://www.snapdeal.com/product/toy-balloon-kids-polyester-gown/657663136639#bcrumbSearch:gown%20girl
2026-02-15 12:10:47,Kids Fashion,gown girl,"FOLENNE Velvet Gown For Girls ( Pack of 1 , Black )",Rs. 514,3.8,https://g.sdlcdn.com/imgs/k/9/w/FOLENNE-Velvet-Gown-For-Girls-SDL924049757-1-90c6f.jpg?w=220&h=258&sharp=7,https://www.snapdeal.com/product/folenne-velvet-gown-for-girls/5188147439825012008#bcrumbSearch:gown%20girl
2026-02-15 12:10:47,Kids Fashion,gown girl,"APNA COLLECTION Net Frock For Girls ( Pack of 1 , White )",Rs. 355,4.1,https://g.sdlcdn.com/imgs/k/3/j/APNA-COLLECTION-Net-Frock-For-SDL663349221-1-431b1.jpg?w=220&h=258&sharp=7,https://www.snapdeal.com/product/apna-collection-net-gown-for/8070451200388400901#bcrumbSearch:gown%20girl
2026-02-15 12:10:47,Kids Fashion,gown girl,"Aarya Designer Crepe Gown For Girls ( Pack of 1 , Multi )",Rs. 318,3.8,https://g.sdlcdn.com/imgs/k/n/o/Aarya-Designer-Multi-Crepe-Girls-SDL512786883-1-0efbf.png?w=220&h=258&sharp=7,https://www.snapdeal.com/product/aarya-designer-multi-crepe-girls/5764608207317233675#bcrumbSearch:gown%20girl
2026-02-15 12:10:47,Kids Fashion,gown girl,"samjho fashion Net Gown For Girls ( Pack of 1 , Pink )",Rs. 149,5.0,,https://www.snapdeal.com/product/samjho-fashion-net-gown-for/627607660305#bcrumbSearch:gown%20girl
2026-02-15 12:10:47,Kids Fashion,gown girl,"DS DRESSES Net Gown For Girls ( Pack of 1 , Pink )",Rs. 300,,,https://www.snapdeal.com/product/ds-dresses-net-gown-for/657519744032#bcrumbSearch:gown%20girl
2026-02-15 12:10:54,Kids Fashion,Kid'S Fashion & Accessories,Cool and NIce kids Multi color Bermuda pack of 5,Rs. 341,3.6,https://g.sdlcdn.com/imgs/j/b/r/Cool-and-NIce-kids-Multi-SDL217165411-1-d9349.jpeg?w=220&h=258&sharp=7,https://www.snapdeal.com/product/cool-and-nice-kids-multi/682851757548#bcrumbSearch:kids%20fashion|bcrumbLabelId:2373
2026-02-15 12:10:54,Kids Fashion,Kid'S Fashion & Accessories,"A.W.A KIDS FASHION Cotton Frock For Girls ( Pack of 1 , Blue )",Rs. 382,,https://g.sdlcdn.com/imgs/l/c/s/A-W-A-KIDS-FASHION-SDL144519475-1-413ff.jpg?w=220&h=258&sharp=7,https://www.snapdeal.com/product/awa-kids-fashion-cotton-frock/644632562373#bcrumbSearch:kids%20fashion|bcrumbLabelId:2373
2026-02-15 12:10:54,Kids Fashion,Kid'S Fashion & Accessories,"A.W.A KIDS FASHION Cotton Blend Frock For Girls ( Pack of 1 , Pink )",Rs. 382,,https://g.sdlcdn.com/imgs/l/h/r/A-W-A-KIDS-FASHION-SDL294619718-1-b3926.jpg?w=220&h=258&sharp=7,https://www.snapdeal.com/product/awa-kids-fashion-cotton-blend/662170389020#bcrumbSearch:kids%20fashion|bcrumbLabelId:2373
2026-02-15 12:10:54,Kids Fashion,Kid'S Fashion & Accessories,"A.W.A KIDS FASHION Cotton Blend Frock For Girls ( Pack of 1 , Light Blue )",Rs. 382,,https://g.sdlcdn.com/imgs/l/h/r/A-W-A-KIDS-FASHION-SDL267759012-1-2ac45.jpg?w=220&h=258&sharp=7,https://www.snapdeal.com/product/awa-kids-fashion-cotton-blend/663081238657#bcrumbSearch:kids%20fashion|bcrumbLabelId:2373
2026-02-15 12:10:55,Kids Fashion,Kid'S Fashion & Accessories,"Villata fashion Net Frock For Girls ( Pack of 1 , White )",Rs. 275,4.1,https://g.sdlcdn.com/imgs/k/7/l/Villata-fashion-Net-Frock-For-SDL682413513-1-358d1.jpg?w=220&h=258&sharp=7,https://www.snapdeal.com/product/villata-fashion-net-frock-for/5188147439875528892#bcrumbSearch:kids%20fashion|bcrumbLabelId:2373
2026-02-15 12:10:55,Kids Fashion,Kid'S Fashion & Accessories,"Arshia Fashions Girls Cotton Blend Patiala Kurta Set ( Pack of 1 , Green )",Rs. 561,4.5,https://g.sdlcdn.com/imgs/k/t/h/Arshia-Fashions-Green-Cotton-Blend-SDL603382141-1-bded2.jpg?w=220&h=258&sharp=7,https://www.snapdeal.com/product/arshia-fashions-green-cotton-blend/636015230412#bcrumbSearch:kids%20fashion|bcrumbLabelId:2373
2026-02-15 12:10:55,Kids Fashion,Kid'S Fashion & Accessories,"Arshia Fashions Cotton Blend Shirt Dress For Girls ( Pack of 1 , Blue )",Rs. 501,4.2,https://g.sdlcdn.com/imgs/k/z/0/Arshia-Fashions-Cotton-Blend-Shirt-SDL762407294-1-89cf5.jpg?w=220&h=258&sharp=7,https://www.snapdeal.com/product/arshia-fashions-cotton-blend-shirt/656295486520#bcrumbSearch:kids%20fashion|bcrumbLabelId:2373
2026-02-15 12:10:55,Kids Fashion,Kid'S Fashion & Accessories,"Nios Fashion Girls Cotton Polyester Jeans ( Pack of 2 , Multicolor 4 )",Rs. 355,3.8,https://g.sdlcdn.com/imgs/k/3/g/Nios-Fashion-Girls-Cotton-Polyester-SDL887091341-1-822d1.jpg?w=220&h=258&sharp=7,https://www.snapdeal.com/product/nios-fashion-girls-cotton-polyester/5188147457868707112#bcrumbSearch:kids%20fashion|bcrumbLabelId:2373
2026-02-15 12:10:55,Kids Fashion,Kid'S Fashion & Accessories,"PMD Fashion Net Lehenga Choli Set For Girls ( Pack of 1 , Charcoal )",Rs. 355,,,https://www.snapdeal.com/product/pmd-fashion-net-lehenga-choli/8070451197728011294#bcrumbSearch:kids%20fashion|bcrumbLabelId:2373
2026-02-15 12:10:55,Kids Fashion,Kid'S Fashion & Accessories,Arshia Fashions Boys Cotton Yellow Kurta Pant Set ( Pack of 1 ),Rs. 440,4.5,,https://www.snapdeal.com/product/arshia-fashions-yellow-cotton-boys/623909863599#bcrumbSearch:kids%20fashion|bcrumbLabelId:2373
2026-02-15 12:11:02,Kids Fashion,"Girls Clothing
26967","A.W.A KIDS FASHION Cotton Frock For Girls ( Pack of 1 , Blue )",Rs. 382,,https://g.sdlcdn.com/imgs/l/c/s/A-W-A-KIDS-FASHION-SDL144519475-1-413ff.jpg?w=220&h=258&sharp=7,https://www.snapdeal.com/product/awa-kids-fashion-cotton-frock/644632562373#bcrumbSearch:kids%20fashion|bcrumbLabelId:539
2026-02-15 12:11:02,Kids Fashion,"Girls Clothing
26967","A.W.A KIDS FASHION Cotton Blend Frock For Girls ( Pack of 1 , Pink )",Rs. 382,,https://g.sdlcdn.com/imgs/l/h/r/A-W-A-KIDS-FASHION-SDL294619718-1-b3926.jpg?w=220&h=258&sharp=7,https://www.snapdeal.com/product/awa-kids-fashion-cotton-blend/662170389020#bcrumbSearch:kids%20fashion|bcrumbLabelId:539
2026-02-15 12:11:02,Kids Fashion,"Girls Clothing
26967","A.W.A KIDS FASHION Cotton Blend Frock For Girls ( Pack of 1 , Light Blue )",Rs. 382,,https://g.sdlcdn.com/imgs/l/h/r/A-W-A-KIDS-FASHION-SDL267759012-1-2ac45.jpg?w=220&h=258&sharp=7,https://www.snapdeal.com/product/awa-kids-fashion-cotton-blend/663081238657#bcrumbSearch:kids%20fashion|bcrumbLabelId:539
2026-02-15 12:11:02,Kids Fashion,"Girls Clothing
26967","Villata fashion Net Frock For Girls ( Pack of 1 , White )",Rs. 275,4.1,https://g.sdlcdn.com/imgs/k/7/l/Villata-fashion-Net-Frock-For-SDL682413513-1-358d1.jpg?w=220&h=258&sharp=7,https://www.snapdeal.com/product/villata-fashion-net-frock-for/5188147439875528892#bcrumbSearch:kids%20fashion|bcrumbLabelId:539
2026-02-15 12:11:02,Kids Fashion,"Girls Clothing
26967","Arshia Fashions Girls Cotton Blend Kurti with Sharara ( Pack of 1 , Pink )",Rs. 561,3.5,https://g.sdlcdn.com/imgs/l/e/4/Arshia-Fashions-Girls-Cotton-Blend-SDL610459798-1-f756a.jpg?w=220&h=258&sharp=7,https://www.snapdeal.com/product/arshia-fashions-girls-cotton-blend/655269640271#bcrumbSearch:kids%20fashion|bcrumbLabelId:539
2026-02-15 12:11:02,Kids Fashion,"Girls Clothing
26967","Arshia Fashions Polyester Shirt Dress For Girls ( Pack of 1 , Multicolor )",Rs. 561,4.4,https://g.sdlcdn.com/imgs/k/0/p/Arshia-Fashions-Polyester-Shirt-Dress-SDL520968046-1-a613d.jpg?w=220&h=258&sharp=7,https://www.snapdeal.com/product/arshia-fashions-polyester-shirt-dress/646163421397#bcrumbSearch:kids%20fashion|bcrumbLabelId:539
2026-02-15 12:11:03,Kids Fashion,"Girls Clothing
26967","Nios Fashion Girls Cotton Polyester Jeans ( Pack of 2 , Multicolor 1 )",Rs. 355,3.5,https://g.sdlcdn.com/imgs/k/3/g/Nios-Fashion-Girls-Cotton-Polyester-SDL131028188-1-b691b.jpg?w=220&h=258&sharp=7,https://www.snapdeal.com/product/nios-fashion-girls-cotton-polyester/676200091552#bcrumbSearch:kids%20fashion|bcrumbLabelId:539
2026-02-15 12:11:03,Kids Fashion,"Girls Clothing
26967","PMD Fashion Net Lehenga Choli Set For Girls ( Pack of 1 , Charcoal )",Rs. 355,,https://g.sdlcdn.com/imgs/l/f/u/PMD-Fashion-Net-Lehenga-Choli-SDL880866539-1-2f9a5.jpg?w=220&h=258&sharp=7,https://www.snapdeal.com/product/pmd-fashion-net-lehenga-choli/8070451197728011294#bcrumbSearch:kids%20fashion|bcrumbLabelId:539
2026-02-15 12:11:03,Kids Fashion,"Girls Clothing
26967",Arshia Fashions Pack of 1 Girls Crepe Top With Palazzo ( Light Blue ),Rs. 561,4.0,,https://www.snapdeal.com/product/arshia-fashions-light-blue-crepe/670939911927#bcrumbSearch:kids%20fashion|bcrumbLabelId:539
2026-02-15 12:11:03,Kids Fashion,"Girls Clothing
26967","Villata fashion Net Frock For Girls ( Pack of 1 , Red )",Rs. 290,4.2,,https://www.snapdeal.com/product/villata-fashion-net-frock-for/6917529685244085761#bcrumbSearch:kids%20fashion|bcrumbLabelId:539
2026-02-15 12:11:09,Kids Fashion,"Boys Clothing
44543",Cool and NIce kids Multi color Bermuda pack of 5,Rs. 341,3.6,https://g.sdlcdn.com/imgs/j/b/r/Cool-and-NIce-kids-Multi-SDL217165411-1-d9349.jpeg?w=220&h=258&sharp=7,https://www.snapdeal.com/product/cool-and-nice-kids-multi/682851757548#bcrumbSearch:kids%20fashion|bcrumbLabelId:524
2026-02-15 12:11:09,Kids Fashion,"Boys Clothing
44543",NI FASHION Pack of 1 Boys Cotton Blend T-Shirt ( Green ),Rs. 171,4.1,https://g.sdlcdn.com/imgs/k/x/e/NI-FASHION-Green-Cotton-Blend-SDL190898988-1-9b046.jpg?w=220&h=258&sharp=7,https://www.snapdeal.com/product/ni-fashion-green-cotton-blend/636908214277#bcrumbSearch:kids%20fashion|bcrumbLabelId:524
2026-02-15 12:11:09,Kids Fashion,"Boys Clothing
44543",KASEERA CUTE STYLISH AND TRENDING KIDS GYM VEST PACK OF 5,Rs. 273,4.3,https://g.sdlcdn.com/imgs/i/5/h/KASEERA-CUTE-STYLISH-AND-TRENDING-SDL358840516-1-6837c.jpg?w=220&h=258&sharp=7,https://www.snapdeal.com/product/kaseera-cute-stylish-and-trending/673716684716#bcrumbSearch:kids%20fashion|bcrumbLabelId:524
2026-02-15 12:11:10,Kids Fashion,"Boys Clothing
44543",NAYPAL FASHION STYLE Pack of 1 Boys & Girls Cotton Blend T-Shirt ( Pink ),Rs. 246,4.0,https://g.sdlcdn.com/imgs/l/a/c/NAYPAL-FASHION-STYLE-Pack-of-SDL110106472-1-3f3b3.jpg?w=220&h=258&sharp=7,https://www.snapdeal.com/product/naypal-fashion-style-pack-of/684399999208#bcrumbSearch:kids%20fashion|bcrumbLabelId:524
2026-02-15 12:11:10,Kids Fashion,"Boys Clothing
44543",NI FASHION Pack of 1 Boys Cotton Blend T-Shirt ( Red ),Rs. 171,3.8,https://g.sdlcdn.com/imgs/k/x/e/NI-FASHION-Red-Cotton-Blend-SDL415632550-1-e2cef.jpg?w=220&h=258&sharp=7,https://www.snapdeal.com/product/ni-fashion-red-cotton-blend/662355730524#bcrumbSearch:kids%20fashion|bcrumbLabelId:524
2026-02-15 12:11:10,Kids Fashion,"Boys Clothing
44543",NI FASHION Pack of 1 Boys Cotton Blend T-Shirt ( Purple ),Rs. 171,4.0,https://g.sdlcdn.com/imgs/k/x/e/NI-FASHION-Purple-Cotton-Blend-SDL163282711-1-5d1ec.jpg?w=220&h=258&sharp=7,https://www.snapdeal.com/product/ni-fashion-purple-cotton-blend/645134440353#bcrumbSearch:kids%20fashion|bcrumbLabelId:524
2026-02-15 12:11:10,Kids Fashion,"Boys Clothing
44543",s muktar garments - Green Cotton Blend Boys Professional Costume ( Pack of 1 ),Rs. 311,4.3,https://g.sdlcdn.com/imgs/k/s/d/s-muktar-garments-Green-Cotton-SDL534633029-1-252c8.jpg?w=220&h=258&sharp=7,https://www.snapdeal.com/product/s-muktar-garments-green-cotton/661119706911#bcrumbSearch:kids%20fashion|bcrumbLabelId:524
2026-02-15 12:11:10,Kids Fashion,"Boys Clothing
44543",NI FASHION Pack of 1 Boys Cotton Blend T-Shirt ( Black ),Rs. 171,3.9,https://g.sdlcdn.com/imgs/k/x/e/NI-FASHION-Black-Cotton-Blend-SDL372858103-1-1ac0d.jpg?w=220&h=258&sharp=7,https://www.snapdeal.com/product/ni-fashion-black-cotton-blend/625660257801#bcrumbSearch:kids%20fashion|bcrumbLabelId:524
2026-02-15 12:11:10,Kids Fashion,"Boys Clothing
44543",NI FASHION Pack of 1 Boys Cotton Blend T-Shirt ( Maroon ),Rs. 171,4.3,,https://www.snapdeal.com/product/ni-fashion-maroon-cotton-blend/682060609644#bcrumbSearch:kids%20fashion|bcrumbLabelId:524
2026-02-15 12:11:10,Kids Fashion,"Boys Clothing
44543",Arshia Fashions Pack of 1 Boys Cotton Blend T-Shirt & Jeans Set ( Black ),Rs. 561,,,https://www.snapdeal.com/product/arshia-fashions-pack-of-1/684568600161#bcrumbSearch:kids%20fashion|bcrumbLabelId:524
2026-02-15 12:12:16,Men Clothing,3xl trackpant,AUSTIVO - Black Cotton Blend Men's Trackpants ( Pack of 1 ),Rs. 402,4.2,https://g.sdlcdn.com/imgs/k/h/k/AUSTIVO-Black-Cotton-Blend-Men-SDL213680883-1-cb563.jpg?w=220&h=258&sharp=7,https://www.snapdeal.com/product/austivo-black-cotton-blend-mens/676432156299#bcrumbSearch:3xl%20trackpant
2026-02-15 12:12:16,Men Clothing,3xl trackpant,HVBK Black Polyester Men's Trackpants ( Pack of 1 ),Rs. 232,3.9,https://g.sdlcdn.com/imgs/k/z/b/HVBK-Black-Polyester-Men-s-SDL471016836-3-5fce4.jpg?w=220&h=258&sharp=7,https://www.snapdeal.com/product/hvbk-black-polyester-mens-trackpants/620743601305#bcrumbSearch:3xl%20trackpant
2026-02-15 12:12:16,Men Clothing,3xl trackpant,Kepa Grey Cotton Blend Men's Trackpants ( Pack of 1 ),Rs. 458,4.3,https://g.sdlcdn.com/imgs/k/3/5/Kepa-Grey-Cotton-Blend-Men-SDL610180357-1-d789f.jpg?w=220&h=258&sharp=7,https://www.snapdeal.com/product/kepa-black-cotton-blend-mens/5188147441540664003#bcrumbSearch:3xl%20trackpant
2026-02-15 12:12:16,Men Clothing,3xl trackpant,HVBK Grey Polyester Men's Trackpants ( Pack of 1 ),Rs. 232,4.1,https://g.sdlcdn.com/imgs/k/z/b/HVBK-Grey-Polyester-Men-s-SDL130248910-3-35f48.jpg?w=220&h=258&sharp=7,https://www.snapdeal.com/product/hvbk-grey-polyester-mens-trackpants/620283557286#bcrumbSearch:3xl%20trackpant
2026-02-15 12:12:16,Men Clothing,3xl trackpant,IDASS Black Lycra Men's Joggers ( Pack of 1 ),Rs. 379,,https://g.sdlcdn.com/imgs/k/w/g/IDASS-Black-Lycra-Men-s-SDL132134009-1-e9ce8.png?w=220&h=258&sharp=7,https://www.snapdeal.com/product/idass-black-lycra-mens-joggers/624180880918#bcrumbSearch:3xl%20trackpant
2026-02-15 12:12:16,Men Clothing,3xl trackpant,Neo Garments - Blue Cotton Men's Trackpants ( Pack of 1 ),Rs. 488,4.3,https://g.sdlcdn.com/imgs/k/f/f/Neo-Garments-Cotton-Blue-Men-SDL085387267-1-1271a.jpg?w=220&h=258&sharp=7,https://www.snapdeal.com/product/neo-garments-blue-cotton-trackpants/652189038913#bcrumbSearch:3xl%20trackpant
2026-02-15 12:12:16,Men Clothing,3xl trackpant,HVBK Grey Polyester Men's Trackpants ( Pack of 1 ),Rs. 298,4.0,https://g.sdlcdn.com/imgs/k/u/v/HVBK-Grey-Polyester-Men-s-SDL706627679-3-e8210.jpg?w=220&h=258&sharp=7,https://www.snapdeal.com/product/hvbk-grey-polyester-mens-trackpants/672100043786#bcrumbSearch:3xl%20trackpant
2026-02-15 12:12:17,Men Clothing,3xl trackpant,AUSTIVO - Black Cotton Blend Men's Trackpants ( Pack of 1 ),Rs. 432,4.3,https://g.sdlcdn.com/imgs/k/i/i/AUSTIVO-Black-Cotton-Blend-Men-SDL695436136-1-2a798.jpg?w=220&h=258&sharp=7,https://www.snapdeal.com/product/austivo-black-cotton-blend-mens/626732620610#bcrumbSearch:3xl%20trackpant
2026-02-15 12:12:17,Men Clothing,3xl trackpant,HVBK Multicolor Polyester Men's Trackpants ( Pack of 2 ),Rs. 458,4.3,,https://www.snapdeal.com/product/hvbk-multicolor-polyester-mens-trackpants/621706496588#bcrumbSearch:3xl%20trackpant
2026-02-15 12:12:17,Men Clothing,3xl trackpant,JB JUST BLACK Grey Cotton Blend Men's Trackpants ( Pack of 1 ),Rs. 571,3.9,,https://www.snapdeal.com/product/jb-just-black-grey-cotton/655426930962#bcrumbSearch:3xl%20trackpant
2026-02-15 12:12:24,Men Clothing,track pant,HVBK Black Polyester Men's Trackpants ( Pack of 1 ),Rs. 232,3.9,https://g.sdlcdn.com/imgs/k/z/b/HVBK-Black-Polyester-Men-s-SDL471016836-3-5fce4.jpg?w=220&h=258&sharp=7,https://www.snapdeal.com/product/hvbk-black-polyester-mens-trackpants/620743601305#bcrumbSearch:track%20pant
2026-02-15 12:12:24,Men Clothing,track pant,INDICLUB Silver Cotton Blend Men's Trackpants ( Pack of 1 ),Rs. 359,4.1,https://g.sdlcdn.com/imgs/l/d/0/INDICLUB-Silver-Cotton-Blend-Men-SDL225271237-1-e51b8.jpg?w=220&h=258&sharp=7,https://www.snapdeal.com/product/indiclub-grey-cotton-blend-mens/7782220800852850567#bcrumbSearch:track%20pant
2026-02-15 12:12:24,Men Clothing,track pant,HVBK Grey Polyester Men's Trackpants ( Pack of 1 ),Rs. 232,4.1,https://g.sdlcdn.com/imgs/k/z/b/HVBK-Grey-Polyester-Men-s-SDL130248910-3-35f48.jpg?w=220&h=258&sharp=7,https://www.snapdeal.com/product/hvbk-grey-polyester-mens-trackpants/620283557286#bcrumbSearch:track%20pant
2026-02-15 12:12:24,Men Clothing,track pant,Westchic Black Cotton Blend Men's Sports Trackpants ( Pack of 1 ),Rs. 321,3.6,https://g.sdlcdn.com/imgs/k/8/f/Westchic-Black-Cotton-Blend-Men-SDL080924066-1-b3351.jpg?w=220&h=258&sharp=7,https://www.snapdeal.com/product/westchic-black-cotton-blend-mens/8070451198924677297#bcrumbSearch:track%20pant
2026-02-15 12:12:24,Men Clothing,track pant,Lieo Trend Multicolor Polyester Blend Men's Trackpants ( Pack of 2 ),Rs. 402,3.8,,https://www.snapdeal.com/product/lieo-trend-multicolor-polyester-blend/655896301636#bcrumbSearch:track%20pant
2026-02-15 12:12:24,Men Clothing,track pant,Greenflair Light Grey Cotton Men's Drop Crotch Pants ( Pack of 1 ),Rs. 449,4.1,,https://www.snapdeal.com/product/greenflair-light-grey-cotton-mens/5764608172895880982#bcrumbSearch:track%20pant
2026-02-15 12:12:25,Men Clothing,track pant,FEEL TRACK Black Cotton Blend Men's Trackpants ( Pack of 1 ),Rs. 316,4.0,,https://www.snapdeal.com/product/feel-track-black-cotton-blend/628251467341#bcrumbSearch:track%20pant
2026-02-15 12:12:25,Men Clothing,track pant,Greenflair Olive Green Cotton Men's Drop Crotch Pants ( Pack of 1 ),Rs. 449,4.1,,https://www.snapdeal.com/product/greenflair-light-grey-cotton-mens/8070451182109574934#bcrumbSearch:track%20pant
2026-02-15 12:12:25,Men Clothing,track pant,AUSK Beige Cotton Blend Men's Trackpants ( Pack of 1 ),Rs. 312,3.8,,https://www.snapdeal.com/product/ausk-beige-cotton-blend-mens/6917529657988738254#bcrumbSearch:track%20pant
2026-02-15 12:12:25,Men Clothing,track pant,JB JUST BLACK Grey Cotton Blend Men's Trackpants ( Pack of 1 ),Rs. 571,3.9,,https://www.snapdeal.com/product/jb-just-black-grey-cotton/655426930962#bcrumbSearch:track%20pant
2026-02-15 12:12:34,Men Clothing,Men'S Clothing,TAZO Nylon Men's Windcheater Jacket - Blue ( Pack of 1 ),Rs. 462,4.0,https://g.sdlcdn.com/imgs/l/b/9/TAZO-Nylon-Men-s-Windcheater-SDL669477292-1-46142.jpg?w=220&h=258&sharp=7,https://www.snapdeal.com/product/tazo-nylon-mens-windcheater-jacket/6917529664191551592#bcrumbSearch:men%20clothing|bcrumbLabelId:17
2026-02-15 12:12:34,Men Clothing,Men'S Clothing,TrendsTalk Nylon Men's Windcheater Jacket - Gold ( Pack of 1 ),Rs. 429,4.1,https://g.sdlcdn.com/imgs/l/a/7/TrendsTalk-Nylon-Men-s-Windcheater-SDL680528776-1-af037.jpg?w=220&h=258&sharp=7,https://www.snapdeal.com/product/trendstalk-nylon-mens-windcheater-jacket/8070451193555380949#bcrumbSearch:men%20clothing|bcrumbLabelId:17
2026-02-15 12:12:34,Men Clothing,Men'S Clothing,Mashaykh Polyester Men's Windcheater Jacket - White ( Pack of 1 ),Rs. 682,4.3,https://g.sdlcdn.com/imgs/l/b/h/Mashaykh-Polyester-Men-s-Windcheater-SDL168902188-1-093c7.png?w=220&h=258&sharp=7,https://www.snapdeal.com/product/mashaykh-polyester-mens-windcheater-jacket/5764608204632704293#bcrumbSearch:men%20clothing|bcrumbLabelId:17
2026-02-15 12:12:34,Men Clothing,Men'S Clothing,eddicted Polyester Men's Puffer Jacket - Navy Blue ( Pack of 1 ),Rs. 617,4.1,https://g.sdlcdn.com/imgs/l/a/d/eddicted-Polyester-Men-s-Puffer-SDL075297953-1-5e0d6.jpg?w=220&h=258&sharp=7,https://www.snapdeal.com/product/eddicted-polyester-mens-puffer-jacket/676274661463#bcrumbSearch:men%20clothing|bcrumbLabelId:17
2026-02-15 12:12:34,Men Clothing,Men'S Clothing,yellow tree Polyester Men's Casual Jacket - Multicolor ( Pack of 1 ),Rs. 722,4.3,,https://www.snapdeal.com/product/yellow-tree-polyester-mens-casual/642582862912#bcrumbSearch:men%20clothing|bcrumbLabelId:17
2026-02-15 12:12:34,Men Clothing,Men'S Clothing,Montrez Cotton Blend Men's Casual Jacket - Olive ( Pack of 1 ),Rs. 557,3.8,,https://www.snapdeal.com/product/montrez-cotton-blend-mens-casual/662827589922#bcrumbSearch:men%20clothing|bcrumbLabelId:17
2026-02-15 12:12:34,Men Clothing,Men'S Clothing,yellow tree Polyester Men's Casual Jacket - White ( Pack of 1 ),Rs. 704,4.1,,https://www.snapdeal.com/product/yellow-tree-polyester-mens-casual/619131057452#bcrumbSearch:men%20clothing|bcrumbLabelId:17
2026-02-15 12:12:35,Men Clothing,Men'S Clothing,eddicted Polyester Men's Puffer Jacket - Blue ( Pack of 1 ),Rs. 582,4.4,,https://www.snapdeal.com/product/eddicted-polyester-mens-puffer-jacket/670491913382#bcrumbSearch:men%20clothing|bcrumbLabelId:17
2026-02-15 12:12:35,Men Clothing,Men'S Clothing,Montrez Cotton Blend Men's Casual Jacket - White ( Pack of 1 ),Rs. 557,4.2,,https://www.snapdeal.com/product/montrez-cotton-blend-mens-casual/668693384876#bcrumbSearch:men%20clothing|bcrumbLabelId:17
2026-02-15 12:12:35,Men Clothing,Men'S Clothing,eddicted Nylon Men's Puffer Jacket - Maroon ( Pack of 1 ),Rs. 617,4.3,,https://www.snapdeal.com/product/eddicted-nylon-mens-puffer-jacket/5764608151871013280#bcrumbSearch:men%20clothing|bcrumbLabelId:17
2026-02-15 12:12:41,Men Clothing,"Unstitched Suit & Shirts For Men
2201",ONLY VIMAL Blue Poly Viscose Unstitched Pant Pc,Rs. 467,3.8,https://g.sdlcdn.com/imgs/k/j/y/ONLY-VIMAL-Blue-Poly-Viscose-SDL963398787-1-84cd8.jpg?w=220&h=258&sharp=7,https://www.snapdeal.com/product/only-vimal-blue-poly-viscose/653029265861#bcrumbSearch:men%20clothing|bcrumbLabelId:195
2026-02-15 12:12:41,Men Clothing,"Unstitched Suit & Shirts For Men
2201",Kundan Sulz Gwalior Black Poly Viscose Unstitched Pant Pc,Rs. 316,3.7,https://g.sdlcdn.com/imgs/b/x/0/Kundan-Sulz-Gwalior-Black-Poly-SDL283304661-1-eb2b7.jpg?w=220&h=258&sharp=7,https://www.snapdeal.com/product/kundan-sulz-gwalior-black-poly/631353746413#bcrumbSearch:men%20clothing|bcrumbLabelId:195
2026-02-15 12:12:41,Men Clothing,"Unstitched Suit & Shirts For Men
2201",Gwalior Blue Polyester Men's Unstitched Pant Piece ( Pack of 1 ),Rs. 326,4.5,https://g.sdlcdn.com/imgs/k/w/n/Gwalior-Blue-Polyester-Blend-Men-SDL941135652-1-29a9d.jpg?w=220&h=258&sharp=7,https://www.snapdeal.com/product/gwalior-blue-polyester-blend-mens/638737332117#bcrumbSearch:men%20clothing|bcrumbLabelId:195
2026-02-15 12:12:41,Men Clothing,"Unstitched Suit & Shirts For Men
2201",Raymond Light Blue Cotton Blend Men's Unstitched Shirt Piece ( Pack of 1 ),Rs. 577,4.0,https://g.sdlcdn.com/imgs/k/x/w/Raymond-Light-Blue-Cotton-Blend-SDL140038741-1-30350.png?w=220&h=258&sharp=7,https://www.snapdeal.com/product/raymond-light-blue-cotton-blend/685805149796#bcrumbSearch:men%20clothing|bcrumbLabelId:195
2026-02-15 12:12:41,Men Clothing,"Unstitched Suit & Shirts For Men
2201",KUNDAN SULZ GWALIOR Brown Cotton Blend Unstitched Shirt pc,Rs. 393,3.7,,https://www.snapdeal.com/product/kundan-sulz-gwalior-brown-cotton/656478357521#bcrumbSearch:men%20clothing|bcrumbLabelId:195
2026-02-15 12:12:42,Men Clothing,"Unstitched Suit & Shirts For Men
2201",Siyaram's Blue Poly Blend Unstitched Pant Pc,Rs. 495,4.0,,https://www.snapdeal.com/product/siyarams-blue-poly-blend-unstitched/674656343521#bcrumbSearch:men%20clothing|bcrumbLabelId:195
2026-02-15 12:12:42,Men Clothing,"Unstitched Suit & Shirts For Men
2201",Fabkart Light Grey Polyester Men's Unstitched Pant Piece ( Pack of 1 ),Rs. 364,3.5,,https://www.snapdeal.com/product/fabkart-light-grey-polyester-blend/646735445135#bcrumbSearch:men%20clothing|bcrumbLabelId:195
2026-02-15 12:12:42,Men Clothing,"Unstitched Suit & Shirts For Men
2201",Kundan Sulz Gwalior Phone Colour Poly Viscose Unstitched Pant Piece,Rs. 355,4.1,,https://www.snapdeal.com/product/shree-kundan-fabrics-beige-poly/627734527953#bcrumbSearch:men%20clothing|bcrumbLabelId:195
2026-02-15 12:12:42,Men Clothing,"Unstitched Suit & Shirts For Men
2201",Raymond Grey Poly Viscose Unstitched Pant Pc,Rs. 525,4.2,,https://www.snapdeal.com/product/raymond-grey-poly-viscose-unstitched/626528678608#bcrumbSearch:men%20clothing|bcrumbLabelId:195
2026-02-15 12:12:42,Men Clothing,"Unstitched Suit & Shirts For Men
2201",Kundan Poly Blend Multi Color 2 Unstitched Paint Pcs,Rs. 367,3.8,,https://www.snapdeal.com/product/shree-kundan-fabrics-multicolor-polyester/658643812859#bcrumbSearch:men%20clothing|bcrumbLabelId:195
2026-02-15 12:12:47,Men Clothing,"Winter Wear For Men
13153",GET GOLF Polyester Men's Quilted & Bomber Jacket - Black ( Pack of 1 ),Rs. 828,4.1,https://g.sdlcdn.com/imgs/k/0/b/GET-GOLF-Polyester-Men-s-SDL024664337-1-f00e2.jpg?w=220&h=258&sharp=7,https://www.snapdeal.com/product/get-golf-polyester-mens-quilted/6341068941887516447#bcrumbSearch:men%20clothing|bcrumbLabelId:46138880
2026-02-15 12:12:47,Men Clothing,"Winter Wear For Men
13153",eddicted Polyester Men's Quilted & Bomber Jacket - Maroon ( Pack of 1 ),Rs. 617,4.0,https://g.sdlcdn.com/imgs/l/a/d/eddicted-Polyester-Men-s-Quilted-SDL888800031-1-9e19e.jpg?w=220&h=258&sharp=7,https://www.snapdeal.com/product/eddicted-polyester-mens-quilted-bomber/6917529650803010190#bcrumbSearch:men%20clothing|bcrumbLabelId:46138880
2026-02-15 12:12:47,Men Clothing,"Winter Wear For Men
13153",TrendsTalk Nylon Men's Windcheater Jacket - Blue ( Pack of 1 ),Rs. 576,4.0,https://g.sdlcdn.com/imgs/l/f/k/TrendsTalk-Nylon-Men-s-Windcheater-SDL858800814-1-6c001.png?w=220&h=258&sharp=7,https://www.snapdeal.com/product/trendstalk-nylon-mens-windcheater-jacket/645523402217#bcrumbSearch:men%20clothing|bcrumbLabelId:46138880
2026-02-15 12:12:48,Men Clothing,"Winter Wear For Men
13153",VOGATI Denim Men's Denim Jacket - Black ( Pack of 1 ),Rs. 902,4.3,https://g.sdlcdn.com/imgs/k/0/h/VOGATI-Denim-Men-s-Denim-SDL468944412-1-705dd.jpg?w=220&h=258&sharp=7,https://www.snapdeal.com/product/vogati-denim-mens-denim-jacket/6341068947111210174#bcrumbSearch:men%20clothing|bcrumbLabelId:46138880
2026-02-15 12:12:48,Men Clothing,"Winter Wear For Men
13153",REFULGENT Viscose Men's 2 Piece Suit - Pink ( Pack of 1 ),"Rs. 1,257",,,https://www.snapdeal.com/product/refulgent-viscose-mens-2-piece/659686961598#bcrumbSearch:men%20clothing|bcrumbLabelId:46138880
2026-02-15 12:12:48,Men Clothing,"Winter Wear For Men
13153",NUEVOSPORTA Denim Men's Denim Jacket - Light Blue ( Pack of 1 ),Rs. 740,3.8,,https://www.snapdeal.com/product/nuevosporta-light-blue-denim-regular/637825056340#bcrumbSearch:men%20clothing|bcrumbLabelId:46138880
2026-02-15 12:12:48,Men Clothing,"Winter Wear For Men
13153",Mountain colours Polyester Men's Puffer Jacket - Black ( Pack of 1 ),Rs. 599,4.2,,https://www.snapdeal.com/product/mountain-colours-polyester-mens-puffer/7493990465043181197#bcrumbSearch:men%20clothing|bcrumbLabelId:46138880
2026-02-15 12:12:48,Men Clothing,"Winter Wear For Men
13153",AM91 Polyester Men's Windcheater Jacket - Dark Grey ( Pack of 1 ),Rs. 404,3.8,,https://www.snapdeal.com/product/am91-polyester-mens-windcheater-jacket/652568077254#bcrumbSearch:men%20clothing|bcrumbLabelId:46138880
2026-02-15 12:12:48,Men Clothing,"Winter Wear For Men
13153",VOGATI Denim Men's Denim Jacket - Navy ( Pack of 1 ),Rs. 902,4.3,,https://www.snapdeal.com/product/vogati-denim-mens-denim-jacket/6052838570959498430#bcrumbSearch:men%20clothing|bcrumbLabelId:46138880
2026-02-15 12:12:48,Men Clothing,"Winter Wear For Men
13153",TAZO Nylon Men's Casual Jacket - Grey ( Pack of 1 ),Rs. 424,4.0,,https://www.snapdeal.com/product/tazo-nylon-mens-casual-jacket/8070451169561502837#bcrumbSearch:men%20clothing|bcrumbLabelId:46138880
2026-02-15 12:13:31,Women Clothing,long maxi dress,Raiyani enterprise Women Cotton Blend Printed Fit & Flare Dress ( Yellow ),Rs. 359,3.5,https://g.sdlcdn.com/imgs/k/6/g/Raiyani-enterprise-Women-Cotton-Blend-SDL509805312-1-5ea99.jpg?w=220&h=258&sharp=7,https://www.snapdeal.com/product/raiyani-enterprise-women-cotton-blend/655087970500#bcrumbSearch:long%20maxi%20dress
2026-02-15 12:13:31,Women Clothing,long maxi dress,Pannkh Women Denim Solid A-line Dress ( Blue ),Rs. 790,3.5,https://g.sdlcdn.com/imgs/l/e/0/Pannkh-Women-Denim-Solid-A-SDL808705891-1-acdf7.jpg?w=220&h=258&sharp=7,https://www.snapdeal.com/product/pannkh-women-denim-solid-aline/641281680094#bcrumbSearch:long%20maxi%20dress
2026-02-15 12:13:31,Women Clothing,long maxi dress,shitdhey Women Crepe Printed A-line Dress ( Multicolor ),Rs. 355,3.5,https://g.sdlcdn.com/imgs/l/a/k/shitdhey-Women-Crepe-Printed-A-SDL071601066-1-df295.jpeg?w=220&h=258&sharp=7,https://www.snapdeal.com/product/shitdhey-women-crepe-printed-aline/624914597527#bcrumbSearch:long%20maxi%20dress
2026-02-15 12:13:32,Women Clothing,long maxi dress,wanquila Women Lycra Solid Fit & Flare Dress ( Yellow ),Rs. 363,4.0,https://g.sdlcdn.com/imgs/l/a/e/wanquila-Women-Lycra-Solid-Fit-SDL584702055-1-6c213.jpg?w=220&h=258&sharp=7,https://www.snapdeal.com/product/wanquila-women-lycra-solid-fit/6917529661120290084#bcrumbSearch:long%20maxi%20dress
2026-02-15 12:13:32,Women Clothing,long maxi dress,wanquila Women Lycra Bodycon Dress ( Red ),Rs. 363,,,https://www.snapdeal.com/product/wanquila-women-lycra-bodycon-dress/6917529663952351120#bcrumbSearch:long%20maxi%20dress
2026-02-15 12:13:32,Women Clothing,long maxi dress,Sheetal associates Women Polyester Printed Fit & Flare Dress ( Blue ),Rs. 394,4.5,,https://www.snapdeal.com/product/sheetal-associates-women-polyester-printed/6917529674052345125#bcrumbSearch:long%20maxi%20dress
2026-02-15 12:13:32,Women Clothing,long maxi dress,Krunal Raiyani Women's Cotton Blend Printed Fit & Flare Dress ( Pink ),Rs. 359,4.1,,https://www.snapdeal.com/product/krunal-raiyani-womens-cotton-blend/5764608167452994132#bcrumbSearch:long%20maxi%20dress
2026-02-15 12:13:32,Women Clothing,long maxi dress,Sheetal associates Women Polyester Printed Fit & Flare Dress ( Brown ),Rs. 394,4.5,,https://www.snapdeal.com/product/sheetal-associates-women-polyester-printed/5764608169445498149#bcrumbSearch:long%20maxi%20dress
2026-02-15 12:13:32,Women Clothing,long maxi dress,ZWERLON Women Crepe Printed Fit & Flare Dress ( Black ),Rs. 456,5.0,,https://www.snapdeal.com/product/zwerlon-crepe-printed-full-length/620514554227#bcrumbSearch:long%20maxi%20dress
2026-02-15 12:13:32,Women Clothing,long maxi dress,Traquila Women Lycra Bodycon Dress ( Black ),Rs. 296,,,https://www.snapdeal.com/product/traquila-women-lycra-bodycon-dress/5764608164132104777#bcrumbSearch:long%20maxi%20dress
2026-02-15 12:13:38,Women Clothing,one piece dress,Miss Chase Women Polyester Solid Bodycon Dress ( Purple ),Rs. 741,4.0,https://g.sdlcdn.com/imgs/l/a/b/Miss-Chase-Women-Polyester-Solid-SDL578090362-1-c6a49.jpg?w=220&h=258&sharp=7,https://www.snapdeal.com/product/miss-chase-women-polyester-solid/6917529667739448323#bcrumbSearch:one%20piece%20dress
2026-02-15 12:13:38,Women Clothing,one piece dress,Ketch Women Polyester Embellished Bodycon Dress ( Silver ),Rs. 299,3.5,https://g.sdlcdn.com/imgs/k/t/k/Ketch-Polyester-Blend-Embellished-Mini-SDL533265017-1-e485a.jpg?w=220&h=258&sharp=7,https://www.snapdeal.com/product/ketch-polyester-blend-embellished-mini/631452683462#bcrumbSearch:one%20piece%20dress
2026-02-15 12:13:38,Women Clothing,one piece dress,Traquila Women Lycra Solid Bodycon Dress ( Red ),Rs. 363,3.5,https://g.sdlcdn.com/imgs/k/1/o/Traquila-Lycra-Solid-Above-Knee-SDL762089567-4-5d66f.jpg?w=220&h=258&sharp=7,https://www.snapdeal.com/product/traquila-lycra-solid-above-knee/6917529660367285767#bcrumbSearch:one%20piece%20dress
2026-02-15 12:13:38,Women Clothing,one piece dress,Tokyo Talkies Women Polyester Solid A-line Dress ( Black ),Rs. 359,4.0,https://g.sdlcdn.com/imgs/k/6/0/Tokyo-Talkies-Women-Polyester-Blend-SDL212971277-1-0b64c.jpg?w=220&h=258&sharp=7,https://www.snapdeal.com/product/tokyo-talkies-women-polyester-blend/647786649778#bcrumbSearch:one%20piece%20dress
2026-02-15 12:13:38,Women Clothing,one piece dress,Selvia Women Lycra Bodycon Dress ( Blue ),Rs. 500,,,https://www.snapdeal.com/product/selvia-women-lycra-bodycon-dress/6917529655159320546#bcrumbSearch:one%20piece%20dress
2026-02-15 12:13:38,Women Clothing,one piece dress,Traquila Women Lycra Solid Bodycon Dress ( Black ),Rs. 363,4.8,,https://www.snapdeal.com/product/traquila-lycra-solid-knee-length/5764608163059485537#bcrumbSearch:one%20piece%20dress
2026-02-15 12:13:38,Women Clothing,one piece dress,N-Gal Women Polyester A-line Dress ( Black ),Rs. 632,5.0,,https://www.snapdeal.com/product/ngal-polyester-dresses/5188147397127620342#bcrumbSearch:one%20piece%20dress
2026-02-15 12:13:38,Women Clothing,one piece dress,THAWE PARIDHAN Women Lycra Solid Off Shoulder Dress ( Green ),Rs. 243,4.4,,https://www.snapdeal.com/product/thawe-paridhan-women-lycra-solid/5188147454013640438#bcrumbSearch:one%20piece%20dress
2026-02-15 12:13:39,Women Clothing,one piece dress,Traquila Women Lycra Solid Bodycon Dress ( Black ),Rs. 363,3.8,,https://www.snapdeal.com/product/traquila-lycra-solid-knee-length/5764608150162492322#bcrumbSearch:one%20piece%20dress
2026-02-15 12:13:39,Women Clothing,one piece dress,Oomph! Women Crepe Printed A-line Dress ( Grey ),Rs. 399,,,https://www.snapdeal.com/product/oomph-women-crepe-printed-aline/7205760059173108602#bcrumbSearch:one%20piece%20dress
2026-02-15 12:13:46,Women Clothing,Women'S Clothing,Sheetal associates Women Polyester Printed Fit & Flare Dress ( Blue ),Rs. 394,4.5,https://g.sdlcdn.com/imgs/l/c/b/Sheetal-associates-Women-Polyester-Printed-SDL258048248-1-0f05f.jpg?w=220&h=258&sharp=7,https://www.snapdeal.com/product/sheetal-associates-women-polyester-printed/6917529674052345125#bcrumbSearch:women%20clothing|bcrumbLabelId:23
2026-02-15 12:13:47,Women Clothing,Women'S Clothing,wanquila Women Lycra Solid Bodycon Dress ( Beige ),Rs. 363,4.0,https://g.sdlcdn.com/imgs/k/7/x/wanquila-Women-Lycra-Solid-Bodycon-SDL974808219-1-603ae.png?w=220&h=258&sharp=7,https://www.snapdeal.com/product/wanquila-women-lycra-solid-bodycon/675565797231#bcrumbSearch:women%20clothing|bcrumbLabelId:23
2026-02-15 12:13:47,Women Clothing,Women'S Clothing,"KNOWZY Rayon Women Dupatta ( Magenta , Pack of 1 )",Rs. 108,3.5,https://g.sdlcdn.com/imgs/l/f/n/KNOWZY-Rayon-Women-Dupatta-Magenta-SDL251817965-1-b3506.jpg?w=220&h=258&sharp=7,https://www.snapdeal.com/product/knowzy-rayon-women-dupatta-sea/641119764286#bcrumbSearch:women%20clothing|bcrumbLabelId:23
2026-02-15 12:13:47,Women Clothing,Women'S Clothing,Sheetal associates Women Crepe Printed Fit & Flare Dress ( White ),Rs. 394,4.1,https://g.sdlcdn.com/imgs/l/a/n/Sheetal-associates-Women-Crepe-Printed-SDL002372777-1-cc801.jpg?w=220&h=258&sharp=7,https://www.snapdeal.com/product/sheetal-associates-women-crepe-printed/6917529697086211950#bcrumbSearch:women%20clothing|bcrumbLabelId:23
2026-02-15 12:13:47,Women Clothing,Women'S Clothing,TUHIRAJ Women Crepe Printed Gown ( Brown ),Rs. 470,3.8,,https://www.snapdeal.com/product/tuhiraj-women-crepe-printed-gown/674755233684#bcrumbSearch:women%20clothing|bcrumbLabelId:23
2026-02-15 12:13:47,Women Clothing,Women'S Clothing,Sheetal associates Women Crepe Printed Shirt Dress ( White ),Rs. 394,4.0,,https://www.snapdeal.com/product/sheetal-associates-women-crepe-printed/660659444299#bcrumbSearch:women%20clothing|bcrumbLabelId:23
2026-02-15 12:13:47,Women Clothing,Women'S Clothing,Lecowar Women Fleece Hooded Sweatshirt For ( Maroon ),Rs. 424,3.9,,https://www.snapdeal.com/product/lecowar-fleece-womens-zippered-sweatshirt/7493990449606991276#bcrumbSearch:women%20clothing|bcrumbLabelId:23
2026-02-15 12:13:47,Women Clothing,Women'S Clothing,Fabverse Women Lycra Solid Bodycon Dress ( Black ),Rs. 319,4.1,,https://www.snapdeal.com/product/fabverse-women-lycra-solid-bodycon/648710504290#bcrumbSearch:women%20clothing|bcrumbLabelId:23
2026-02-15 12:13:47,Women Clothing,Women'S Clothing,Sheetal associates Women Crepe Printed A-line Dress ( Orange ),Rs. 339,4.1,,https://www.snapdeal.com/product/sheetal-associates-women-crepe-printed/661696553181#bcrumbSearch:women%20clothing|bcrumbLabelId:23
2026-02-15 12:13:48,Women Clothing,Women'S Clothing,Madhusudan Women Rayon Printed Ethnic Dress ( Pink ),Rs. 452,4.0,,https://www.snapdeal.com/product/madhusudan-women-rayon-printed-ethnic/666099858409#bcrumbSearch:women%20clothing|bcrumbLabelId:23
2026-02-15 12:13:53,Women Clothing,"Women'S Western Wear
101460",Purys Polyester Blend Free Size Women's White Shrug,Rs. 432,4.3,https://g.sdlcdn.com/imgs/k/x/q/Purys-Polyester-Blend-Women-s-SDL632802928-1-fece8.jpg?w=220&h=258&sharp=7,https://www.snapdeal.com/product/purys-polyester-blend-womens-shrugs/629136684741#bcrumbSearch:women%20clothing|bcrumbLabelId:46139407
2026-02-15 12:13:54,Women Clothing,"Women'S Western Wear
101460",IDASS - Lycra Slim Fit Black Women's Jeggings ( Pack of 1 ),Rs. 379,4.3,https://g.sdlcdn.com/imgs/k/o/3/IDASS-Lycra-Slim-Fit-Black-SDL724371392-1-13143.png?w=220&h=258&sharp=7,https://www.snapdeal.com/product/idass-lycra-slim-fit-black/638889729412#bcrumbSearch:women%20clothing|bcrumbLabelId:46139407
2026-02-15 12:13:54,Women Clothing,"Women'S Western Wear
101460",POPWINGS Polyester Blend Women's Shrugs - Black ( Single ),Rs. 416,4.3,https://g.sdlcdn.com/imgs/k/v/h/POPWINGS-Polyester-Blend-Women-s-SDL804685056-1-33665.jpg?w=220&h=258&sharp=7,https://www.snapdeal.com/product/popwings-polyester-blend-womens-shrugs/664818434331#bcrumbSearch:women%20clothing|bcrumbLabelId:46139407
2026-02-15 12:13:54,Women Clothing,"Women'S Western Wear
101460",LONDON BELLY Multicolor Cotton Blend Regular Fit Women's Jumpsuit ( Pack of 1 ),Rs. 387,4.5,https://g.sdlcdn.com/imgs/k/4/7/LONDON-BELLY-Multicolor-Cotton-Blend-SDL488329075-1-b97b9.jpg?w=220&h=258&sharp=7,https://www.snapdeal.com/product/london-belly-multicolor-cotton-blend/648130034583#bcrumbSearch:women%20clothing|bcrumbLabelId:46139407
2026-02-15 12:13:54,Women Clothing,"Women'S Western Wear
101460",THAWE PARIDHAN Women Cotton Blend Printed Oversized Fit Round Neck T-Shirt ( White ),Rs. 224,3.9,,https://www.snapdeal.com/product/thawe-paridhan-women-cotton-blend/6917529690354988887#bcrumbSearch:women%20clothing|bcrumbLabelId:46139407
2026-02-15 12:13:54,Women Clothing,"Women'S Western Wear
101460",Kumbhaj Maroon Viscose Women's A-Line Skirt ( Pack of 1 ),Rs. 318,4.2,,https://www.snapdeal.com/product/kumbhaj-maroon-viscose-womens-aline/656894403849#bcrumbSearch:women%20clothing|bcrumbLabelId:46139407
2026-02-15 12:13:54,Women Clothing,"Women'S Western Wear
101460",YAGNIK FASHION Women Self Design Rayon Maternity Dungarees ( Yellow ),Rs. 209,4.3,,https://www.snapdeal.com/product/yagnik-fashion-women-self-design/628326105103#bcrumbSearch:women%20clothing|bcrumbLabelId:46139407
2026-02-15 12:13:54,Women Clothing,"Women'S Western Wear
101460",YXS Navy Blue Rayon Women's A-Line Skirt ( Pack of 1 ),Rs. 308,3.9,,https://www.snapdeal.com/product/yxs-navy-blue-rayon-womens/661921295068#bcrumbSearch:women%20clothing|bcrumbLabelId:46139407
2026-02-15 12:13:54,Women Clothing,"Women'S Western Wear
101460",EVYAVAN ENTERPRISE - Denim Regular Fit Black Women's Jeggings ( Pack of 1 ),Rs. 391,4.3,,https://www.snapdeal.com/product/evyavan-enterprise-denim-regular-fit/642133907993#bcrumbSearch:women%20clothing|bcrumbLabelId:46139407
2026-02-15 12:13:54,Women Clothing,"Women'S Western Wear
101460",risemax Poly Cotton Women's Shrugs - Black ( Single ),Rs. 448,4.0,,https://www.snapdeal.com/product/risemax-poly-cotton-womens-shrugs/639768699029#bcrumbSearch:women%20clothing|bcrumbLabelId:46139407
2026-02-15 12:14:00,Women Clothing,"Women'S Winter Wear
9704",Generic KUNZ COLLECTION Women Fleece Round Neck Sweatshirt For Light Winters ( Maroon ),Rs. 303,3.9,https://g.sdlcdn.com/imgs/l/d/w/Generic-KUNZ-COLLECTION-Women-Fleece-SDL529538850-1-7e1ad.jpeg?w=220&h=258&sharp=7,https://www.snapdeal.com/product/generic-kunz-collection-women-fleece/649987035217#bcrumbSearch:women%20clothing|bcrumbLabelId:2240
2026-02-15 12:14:00,Women Clothing,"Women'S Winter Wear
9704",STYLE MART Women Fleece Round Neck Sweatshirt For Light Winters ( Maroon ),Rs. 257,4.3,https://g.sdlcdn.com/imgs/l/d/i/STYLE-MART-Women-Fleece-Round-SDL223992488-1-ca637.jpeg?w=220&h=258&sharp=7,https://www.snapdeal.com/product/style-mart-women-fleece-round/5764608157796671119#bcrumbSearch:women%20clothing|bcrumbLabelId:2240
2026-02-15 12:14:00,Women Clothing,"Women'S Winter Wear
9704",Lecowar Women Fleece Hooded Sweatshirt For ( Maroon ),Rs. 424,3.9,https://g.sdlcdn.com/imgs/k/z/j/Lecowar-Fleece-Women-s-Zippered-SDL736662054-1-7e209.jpg?w=220&h=258&sharp=7,https://www.snapdeal.com/product/lecowar-fleece-womens-zippered-sweatshirt/7493990449606991276#bcrumbSearch:women%20clothing|bcrumbLabelId:2240
2026-02-15 12:14:00,Women Clothing,"Women'S Winter Wear
9704",woolkart Women Woollen Mandarin Collar Cardigan ( Brown ),Rs. 704,4.2,https://g.sdlcdn.com/imgs/k/0/u/woolkart-Woollen-Chinese-Mandarin-Collar-SDL812130862-1-86b80.jpg?w=220&h=258&sharp=7,https://www.snapdeal.com/product/woolkart-woollen-chinesemandarin-collar-womens/646655601093#bcrumbSearch:women%20clothing|bcrumbLabelId:2240
2026-02-15 12:14:00,Women Clothing,"Women'S Winter Wear
9704",HARRPKART Women Woollen Capes ( Multicolor 1 ),Rs. 529,,,https://www.snapdeal.com/product/harrpkart-women-woollen-capes-multicolor/663884141368#bcrumbSearch:women%20clothing|bcrumbLabelId:2240
2026-02-15 12:14:00,Women Clothing,"Women'S Winter Wear
9704",zigo Women Woollen V-Neck Cardigan ( Navy ),Rs. 682,5.0,,https://www.snapdeal.com/product/zigo-woollen-navy-buttoned-cardigans-/622703429011#bcrumbSearch:women%20clothing|bcrumbLabelId:2240
2026-02-15 12:14:01,Women Clothing,"Women'S Winter Wear
9704",Ogarti Women Woollen Round Neck Cardigan ( Maroon ),Rs. 492,4.0,,https://www.snapdeal.com/product/ogarti-acrylic-maroon-buttoned-cardigans/656469203982#bcrumbSearch:women%20clothing|bcrumbLabelId:2240
2026-02-15 12:14:01,Women Clothing,"Women'S Winter Wear
9704",DTR FASHION Peach Cotton Blend Striped Tracksuit - Pack of 1,Rs. 495,4.3,,https://www.snapdeal.com/product/dtr-fashion-peach-cotton-blend/660862077951#bcrumbSearch:women%20clothing|bcrumbLabelId:2240
2026-02-15 12:14:01,Women Clothing,"Women'S Winter Wear
9704",STYLE MART Women Fleece Round Neck Sweatshirt For Light Winters ( Brown ),Rs. 257,3.9,,https://www.snapdeal.com/product/style-mart-women-fleece-round/8070451208481578625#bcrumbSearch:women%20clothing|bcrumbLabelId:2240
2026-02-15 12:14:01,Women Clothing,"Women'S Winter Wear
9704",Kashian Women Denim Jacket ( Blue ),Rs. 382,3.8,,https://www.snapdeal.com/product/kashian-denim-blue-denim-jacket/626417548952#bcrumbSearch:women%20clothing|bcrumbLabelId:2240
