Section,Product,Price,Discount,Rating,Scraped Date
Accessories,Blubby Multi Clutcher ( Pack of 1 ),213,54,3.3,2026-02-15
Accessories,Ezybe Self Adhesive Kichen Shelf Light Blue Plastic Storage Racks (Pack of 2),173,47,3.8,2026-02-15
Accessories,AUTOGROOMZ Windshield Only Double Clamp Car Mobile Holder - Black,217,23,3.6,2026-02-15
Accessories,"Portronics Clamp M3 Adjustable Car Mobile Phone Holder Stand for Dashboard & Windshield, 360degree Rotational, Strong Suction Cup, Compatible with 4 to 6 inch Devices(Black)",268,47,4.1,2026-02-15
Accessories,QitmirMKT NEW KEYCHAIN LIGHTER WITH HIGH POWER LIGHT Multicolor Multipurpose Car Cigarette Lighter ( Pack of 1 ),238,27,4.2,2026-02-15
Accessories,CRAYLUXE Accu Pressure Bead Back / Lumbar Support Single Black,538,37,3.8,2026-02-15
Accessories,"5 In 1 Multi Pin Universal Portable Adapter And Car Mobile Charging Cable For (iPhone,Type C and Micro USB)",254,29,4.2,2026-02-15
Accessories,"delhideals Indian Flag for Car Dashboard, Office Table, Study Table & Drawing Table",195,20,4.3,2026-02-15
Accessories,"Aksmit Pack of -1 Car Gear Knob Protector Gear Shifter Cover for Anti-Scratch Car Gear Knob Cover and Dust Proof Nonslip Gear Cover for Car Universal Fit Silicon Car Gear Knob Stylish- Black, Silicone Rubber",187,33,3.5,2026-02-15
Accessories,GEEO Accu Pressure Bead Back / Lumbar Support Single Black,223,22,4.0,2026-02-15
Accessories,"GEEO Universal Car Steering Knob, Car Steering Wheel Knob, Steering Wheel Spinner Knob, 360° Rotation Booster (3R Original)",331,35,3.2,2026-02-15
Accessories,Aksmit 4 Pieces 12 LED DC 12V Multicolour Music Car Strip Atmosphere Lamp Light for Car Interior Under Dash Lighting Kit with Sound Active Function and Wireless Control,338,50,3.4,2026-02-15
Accessories,Tender care Memory Foam Back / Lumbar Support Single Black,350,54,3.4,2026-02-15
Accessories,Digital Car Dashboard Alarm Clock and Stopwatch With Flexible Stand,180,48,2.8,2026-02-15
Accessories,Anshri White Plastic Storage Racks ( Pack of 4 ),250,31,2.5,2026-02-15
Accessories,RONISH Steering Cover Leatherite,395,26,2.7,2026-02-15
Accessories,RONISH Neck Cushions Set of 2 Black,160,33,3.2,2026-02-15
Accessories,Vertical9 Car Mobile Charger 3_in_1 cable Multicolour,240,47,4.3,2026-02-15
Accessories,mahek accessories for Headrest Black,137,36,3.8,2026-02-15
Accessories,Aksmit Premium Metal Key Cover Compitable for Maruti Suzuki Ignis,434,29,4.3,2026-02-15
Footwear,AROTEK Grey Men's Daily Slipper,191,52,4.3,2026-02-15
Footwear,Xtoon Grey Men's Outdoor Shoes,498,46,3.9,2026-02-15
Footwear,Cozy Wear Black Men's Daily Slipper,183,23,2.7,2026-02-15
Footwear,Stylestry Black Women's Flats,423,37,2.7,2026-02-15
Footwear,Dream Makers - Black Women's Sandal Heels,407,53,4.2,2026-02-15
Footwear,PERY PAO Blue Men's Slide Flip Flop,226,31,3.8,2026-02-15
Footwear,YOU LIkE Brown Men's Derby Formal Shoes,693,25,3.2,2026-02-15
Footwear,FUSEOWL Maroon Women's Flip Flop,171,54,2.7,2026-02-15
Footwear,Cozy Wear Brown Men's Daily Slipper,193,40,3.9,2026-02-15
Footwear,YNP Design Collections Brown Women's Ethnic Ballerinas,411,27,3.5,2026-02-15
Footwear,Densu Black Men's Korean Shoes,597,35,2.6,2026-02-15
Footwear,Squash Black Men's Thong Flip Flop,230,54,4.0,2026-02-15
Footwear,hanuco Height Increasing Insoles,301,49,3.9,2026-02-15
Footwear,Radhe Creation Cream Polish Suitable for Black Color,197,50,3.7,2026-02-15
Footwear,Cozy Wear Olive Men's Daily Slipper,193,21,3.1,2026-02-15
Footwear,ROGZI Cream Polish Suitable for Neutral Color,181,23,3.9,2026-02-15
Footwear,PENNEN Green Women's Flats,270,23,3.6,2026-02-15
Footwear,LiteHawks Green Men's Daily Slipper,220,28,2.5,2026-02-15
Footwear,BEE U NIK Black Men's Thong Flip Flop,176,34,2.6,2026-02-15
Footwear,Bersache - Orange Girl's Sports Shoes ( 1 Pair ),520,46,2.7,2026-02-15
Kids Fashion,Cool and NIce kids Multi color Bermuda pack of 5,341,40,2.6,2026-02-15
Kids Fashion,"A.W.A KIDS FASHION Cotton Frock For Girls ( Pack of 1 , Blue )",382,38,4.0,2026-02-15
Kids Fashion,"A.W.A KIDS FASHION Cotton Blend Frock For Girls ( Pack of 1 , Pink )",382,52,3.1,2026-02-15
Kids Fashion,"A.W.A KIDS FASHION Cotton Blend Frock For Girls ( Pack of 1 , Light Blue )",382,33,4.3,2026-02-15
Kids Fashion,"Villata fashion Net Frock For Girls ( Pack of 1 , Red )",290,54,2.8,2026-02-15
Kids Fashion,"Arshia Fashions Girls Cotton Blend Kurti with Sharara ( Pack of 1 , Pink )",561,49,2.7,2026-02-15
Kids Fashion,"Arshia Fashions Polyester Shirt Dress For Girls ( Pack of 1 , Multicolor )",561,43,2.9,2026-02-15
Kids Fashion,"Nios Fashion Girls Cotton Polyester Jeans ( Pack of 2 , Multicolor 4 )",355,37,3.1,2026-02-15
Kids Fashion,"PMD Fashion Net Lehenga Choli Set For Girls ( Pack of 1 , Rust )",355,33,3.2,2026-02-15
Kids Fashion,Arshia Fashions Boys Cotton Yellow Kurta Pant Set ( Pack of 1 ),440,45,4.3,2026-02-15
Kids Fashion,NI FASHION Pack of 1 Boys Cotton Blend T-Shirt ( Green ),171,55,4.3,2026-02-15
Kids Fashion,"Villata fashion Net Frock For Girls ( Pack of 1 , White )",275,29,4.2,2026-02-15
Kids Fashion,"Arshia Fashions Net Lehenga Choli Set For Girls ( Pack of 1 , Green )",620,34,3.0,2026-02-15
Kids Fashion,s muktar garments - Green Cotton Blend Boys Professional Costume ( Pack of 1 ),311,29,3.8,2026-02-15
Kids Fashion,"Arshia Fashions Cotton Blend Shirt Dress For Girls ( Pack of 1 , Blue )",501,34,2.8,2026-02-15
Kids Fashion,"Villata fashion Net Frock For Girls ( Pack of 1 , Red )",331,49,2.5,2026-02-15
Kids Fashion,NAYPAL FASHION STYLE Pack of 1 Boys & Girls Cotton Blend T-Shirt ( Pink ),246,45,3.2,2026-02-15
Kids Fashion,"Arshia Fashions Polyester Blend Frock For Girls ( Pack of 1 , Red )",321,54,2.6,2026-02-15
Kids Fashion,"Villata fashion Net Frock For Girls ( Pack of 1 , Red )",281,44,2.6,2026-02-15
Kids Fashion,"Niicce Fashion Cotton Blend Dress For Girls ( Pack of 1 , Multicolor )",532,22,2.6,2026-02-15
Men Clothing,TrendsTalk Nylon Men's Windcheater Jacket - Gold ( Pack of 1 ),429,46,3.8,2026-02-15
Men Clothing,Montrez Cotton Blend Men's Casual Jacket - White ( Pack of 1 ),557,48,3.0,2026-02-15
Men Clothing,TAZO Nylon Men's Windcheater Jacket - Blue ( Pack of 1 ),462,42,2.8,2026-02-15
Men Clothing,eddicted Polyester Men's Puffer Jacket - Blue ( Pack of 1 ),582,21,3.0,2026-02-15
Men Clothing,Mashaykh Polyester Men's Windcheater Jacket - Black ( Pack of 1 ),657,45,4.3,2026-02-15
Men Clothing,Montrez Cotton Blend Men's Casual Jacket - Olive ( Pack of 1 ),557,51,3.3,2026-02-15
Men Clothing,Rigo Fleece Men's Casual Jacket - Grey ( Pack of 1 ),612,30,2.7,2026-02-15
Men Clothing,Forbro Nylon Men's Windcheater Jacket - Black ( Pack of 1 ),598,48,4.2,2026-02-15
Men Clothing,FTX Denim Men's Denim Jacket - Light Blue ( Pack of 1 ),557,21,4.1,2026-02-15
Men Clothing,Camey Polyester Men's Casual Jacket - Green ( Pack of 1 ),678,26,3.7,2026-02-15
Men Clothing,Forbro Nylon Men's Windcheater Jacket - Maroon ( Pack of 1 ),598,24,2.8,2026-02-15
Men Clothing,Reya Cotton Blend Men's Casual Jacket - Black ( Pack of 1 ),429,39,3.4,2026-02-15
Men Clothing,yellow tree Polyester Men's Casual Jacket - Multicolor ( Pack of 1 ),722,40,3.2,2026-02-15
Men Clothing,Reya Cotton Blend Men's Casual Jacket - Maroon ( Pack of 1 ),429,37,3.5,2026-02-15
Men Clothing,eddicted Nylon Men's Biker Jacket - Grey ( Pack of 1 ),617,41,3.4,2026-02-15
Men Clothing,Mashaykh Polyester Men's Windcheater Jacket - White ( Pack of 1 ),682,35,2.8,2026-02-15
Men Clothing,Christy World Nylon Men's Windcheater Jacket - Black ( Pack of 1 ),617,28,4.4,2026-02-15
Men Clothing,eddicted Polyester Men's Puffer Jacket - Navy Blue ( Pack of 1 ),617,27,2.6,2026-02-15
Men Clothing,yellow tree Polyester Men's Casual Jacket - White ( Pack of 1 ),704,39,3.5,2026-02-15
Men Clothing,Maniac Fleece Men's Casual Jacket - Multicolor ( Pack of 1 ),422,36,4.2,2026-02-15
Women Clothing,Sheetal associates Women Polyester Printed Fit & Flare Dress ( Blue ),394,45,3.2,2026-02-15
Women Clothing,TUHIRAJ Women Crepe Printed Gown ( Brown ),470,45,3.6,2026-02-15
Women Clothing,"KNOWZY Rayon Women Dupatta ( Magenta , Pack of 1 )",108,29,4.0,2026-02-15
Women Clothing,Sheetal associates Women Crepe Printed Shirt Dress ( Green ),394,48,4.3,2026-02-15
Women Clothing,wanquila Women Lycra Solid Bodycon Dress ( Beige ),363,44,2.5,2026-02-15
Women Clothing,Sheetal associates Women Crepe Printed A-line Dress ( Orange ),339,31,2.5,2026-02-15
Women Clothing,"BLYNK Lycra Petticoat ( Pink , )",171,25,3.6,2026-02-15
Women Clothing,Fabverse Women Lycra Solid Bodycon Dress ( Black ),319,43,3.6,2026-02-15
Women Clothing,Sheetal associates Women Polyester Printed Fit & Flare Dress ( Brown ),394,47,3.9,2026-02-15
Women Clothing,Honky Tonky Women Polyester Self Design A-line Dress ( Pink ),382,35,3.0,2026-02-15
Women Clothing,Sheetal associates Women Crepe Printed Fit & Flare Dress ( White ),394,34,4.0,2026-02-15
Women Clothing,JASH CREATION Women Cotton Blend Printed Fit & Flare Dress ( Pink ),356,53,3.4,2026-02-15
Women Clothing,Sheetal associates Women Crepe Printed Shirt Dress ( White ),394,20,3.9,2026-02-15
Women Clothing,"DELTIN HUB Lycra Petticoat ( Yellow , )",234,49,3.7,2026-02-15
Women Clothing,THE LADIES FASHION Women Viscose Rayon Maxi ( White ),391,40,3.4,2026-02-15
Women Clothing,Madhusudan Women Rayon Printed Ethnic Dress ( Pink ),452,44,3.9,2026-02-15
Women Clothing,Sheetal associates Women Crepe Printed A-line Dress ( White ),394,27,3.8,2026-02-15
Women Clothing,NIVESTANA Women Viscose Rayon Gown ( Purple ),393,39,3.0,2026-02-15
Women Clothing,PIYURZ Pack of 6 Poly Cotton Solid Women's Briefs ( Multi Color ),207,47,3.5,2026-02-15
Women Clothing,Shri Hub Cotton Women White Salwar,220,54,2.8,2026-02-15
