Scraped At,Section,Product Name,Discount,Rating
2026-02-15,Accessories,Blubby Multi Clutcher ( Pack of 1 ),5,4.7
2026-02-15,Accessories,JAGIRA DIVINE TOUCH Multicolor Plastic Storage Racks ( Pack of 1 ),11,3.5
2026-02-15,Accessories,AUTOGROOMZ Windshield Only Double Clamp Car Mobile Holder - Black,9,4.0
2026-02-15,Accessories,CRAYLUXE Accu Pressure Bead Back / Lumbar Support Single Black,55,4.5
2026-02-15,Accessories,"Portronics Clamp M3 Adjustable Car Mobile Phone Holder Stand for Dashboard & Windshield, 360degree Rotational, Strong Suction Cup, Compatible with 4 to 6 inch Devices(Black)",40,2.2
2026-02-15,Accessories,"delhideals Indian Flag for Car Dashboard, Office Table, Study Table & Drawing Table",8,2.3
2026-02-15,Accessories,"5 In 1 Multi Pin Universal Portable Adapter And Car Mobile Charging Cable For (iPhone,Type C and Micro USB)",21,3.4
2026-02-15,Accessories,QitmirMKT NEW KEYCHAIN LIGHTER WITH HIGH POWER LIGHT Multicolor Multipurpose Car Cigarette Lighter ( Pack of 1 ),53,1.5
2026-02-15,Accessories,"Aksmit Pack of -1 Car Gear Knob Protector Gear Shifter Cover for Anti-Scratch Car Gear Knob Cover and Dust Proof Nonslip Gear Cover for Car Universal Fit Silicon Car Gear Knob Stylish- Black, Silicone Rubber",32,1.6
2026-02-15,Accessories,Aksmit 4 Pieces 12 LED DC 12V Multicolour Music Car Strip Atmosphere Lamp Light for Car Interior Under Dash Lighting Kit with Sound Active Function and Wireless Control,36,2.8
2026-02-15,Accessories,"Aksmit Waterproof and Non-slip Leather Floor Mats, Car Floor Mat Accessories, Black gold",40,1.6
2026-02-15,Accessories,"48Inch Ice Blue & Red DRL LED Brake with Side Turn Signal & Parking Indication Trunk,Boot,Dicky Light For Innova 2005-12",42,1.3
2026-02-15,Accessories,GEEO Accu Pressure Bead Back / Lumbar Support Single Black,7,2.1
2026-02-15,Accessories,"GEEO Universal Car Steering Knob, Car Steering Wheel Knob, Steering Wheel Spinner Knob, 360° Rotation Booster (3R Original)",51,1.5
2026-02-15,Accessories,mahek accessories for Headrest Black,49,4.0
2026-02-15,Accessories,Car Ashtrays Multi Color,28,4.6
2026-02-15,Accessories,Ezybe Self Adhesive Kichen Shelf Light Blue Plastic Storage Racks (Pack of 2),24,3.3
2026-02-15,Accessories,Digital Car Dashboard Alarm Clock and Stopwatch With Flexible Stand,10,4.8
2026-02-15,Accessories,RONISH Neck Cushions Set of 2 Black,48,2.5
2026-02-15,Accessories,Blubby Multi Rubber Band ( Pack of 30 ),36,1.9
2026-02-15,Accessories,Anshri White Plastic Kitchen Dispenser ( Pack of 2 ),8,3.4
2026-02-15,Accessories,Rhosyn Gold Women's Hair Clip ( Pack of 1 ),29,3.8
2026-02-15,Accessories,Tender care Memory Foam Back / Lumbar Support Single Black,15,2.5
2026-02-15,Accessories,"TANTRA Car Armrest Cover Cushion with 2 Storage Bags - Soft, Comfortable, Non-Slip Protector for Vehicle Center Console - Waterproof, Durable, and Stylish",39,2.6
2026-02-15,Accessories,"TANTRA Car Armrest Cover Cushion with 2 Storage Bags - Soft, Comfortable, Non-Slip Protector for Vehicle Center Console - Waterproof, Durable, and Stylish",7,3.2
2026-02-15,Accessories,RONISH Steering Cover Leatherite,10,4.0
2026-02-15,Accessories,12 LED Multicolor Music Controlled Sound Activated for Car Interior Atmosphere Light (Works with All Cars) Pack Of-1,38,2.7
2026-02-15,Accessories,Aksmit Premium Metal Key Cover Compitable for Maruti Suzuki Ignis,11,1.2
2026-02-15,Accessories,SIAGO Seat Belt Cover Beige Single,46,1.6
2026-02-15,Accessories,Sonal Brown Plastic Storage Racks ( Pack of 1 ),52,1.7
2026-02-15,Accessories,RONISH Steering Cover Leatherite,39,4.5
2026-02-15,Accessories,AKSMIT Dashboard Fan Black,32,3.9
2026-02-15,Accessories,"Premium Car Seat Belt Cover - Comfort & Safety Enhancer - Adjustable, Soft, & Stylish - Universal Fit for All Vehicles",48,1.9
2026-02-15,Accessories,AKSMIT Dashboard Fan Black,12,3.0
2026-02-15,Accessories,Bhavyta Night Vision Visor Plastic Yellow,24,3.3
2026-02-15,Accessories,CarFrill Gear Knob Silicone for 5 Speed Gear,14,1.6
2026-02-15,Accessories,4 Color 17 CM DRL Strip,22,1.4
2026-02-15,Accessories,Anshri White Plastic Storage Racks ( Pack of 4 ),41,2.1
2026-02-15,Accessories,Winstar - Silver Stainless Steel Wall mount Stand ( Pack of 1 ),49,2.7
2026-02-15,Accessories,CarFrill Gear Knob Metallic for 5 Speed Gear,16,4.7
2026-02-15,Accessories,SWASTICK Black Stainless Steel Storage Racks ( Pack of 2 ),26,2.5
2026-02-15,Accessories,"Portronics Car Power 5 Car Charger with Dual USB Ports ,Black (POR 1345) wihtout cable",30,4.0
2026-02-15,Accessories,"4pcs Universal Fit Magnetic Car Side Window Curtains, Foldable Car Window Privacy Curtains Sunshade Side Magnet Pleated - Removable - Keeps Cooler Screen for Baby (Car Curtain-Black)",39,2.9
2026-02-15,Accessories,JVG Neck Cushions Set of 2 Black,14,1.6
2026-02-15,Accessories,star light for car interior,49,4.4
2026-02-15,Accessories,"Portronics 51W Car Power 16 Fast Car Charger with Dual Output, 51 Watts Total (18W USB + 33W Type C PD), Fast Charging, Adapter for iPhone & Android Smartphones and Tablets (Black)",8,4.3
2026-02-15,Accessories,"Premium Metal Key Cover Compitable for Suzuki Swift|Ertiga|Wagonr|Celerio|Swift Dzire|Alto|Fronx|Breza|S Presso|Ignis 2 Button Remote Key, Brown and Black",27,3.3
2026-02-15,Accessories,RONISH Steering Cover Leatherite,29,4.0
2026-02-15,Accessories,KP Mart Electronic Kitchen Digital Weighing Scale Multipurpose 10 Kg (SF 400A),20,1.4
2026-02-15,Accessories,SPIX Black Stainless Steel Storage Racks ( Pack of 2 ),12,3.0
2026-02-15,Accessories,"KTU Car Plastic Backseat Headrest Hook/Hanger Universal Durable Organiser Space Saver for Handbag, Wallets, Grocery Bags (Black, Pack of 4)",35,1.3
2026-02-15,Accessories,"SIAGO Premium Car Keys Keychain - Durable Metal Key Holder for Cars, Bike Key Chain",49,3.6
2026-02-15,Accessories,"Masala Rangoli Box Dabba for Keeping Spices, Spice Box for Kitchen, Plastic Wooden Style Masala Box, Masala Container, Masala Dabba",34,2.9
2026-02-15,Accessories,Crust Laptop Charger / Inverter N80 Black,39,1.7
2026-02-15,Accessories,swanoll Light Grey Plastic Kitchen Trolleys ( Pack of 1 ),30,1.3
2026-02-15,Accessories,Anshri Multicolor Plastic Wall mount Stand ( Pack of 2 ),27,1.5
2026-02-15,Accessories,SPIX Black Stainless Steel Storage Racks ( Pack of 1 ),14,2.3
2026-02-15,Accessories,JISUN Chakla Belan Stand Silver Stainless Steel Rolling Pin Holder ( Pack of 1 ),33,3.4
2026-02-15,Accessories,Anshri Silver Steel Kitchen Cloth Hook ( Pack of 2 ),55,1.5
2026-02-15,Accessories,GEEO White Plastic Wall mount Stand ( Pack of 1 ),24,4.4
2026-02-15,Footwear,Cozy Wear Black Men's Daily Slipper,43,3.4
2026-02-15,Footwear,Xtoon Grey Men's Outdoor Shoes,44,2.0
2026-02-15,Footwear,AROTEK Grey Men's Daily Slipper,13,2.7
2026-02-15,Footwear,Citipiti ind. Green Women's Flats,5,2.1
2026-02-15,Footwear,Shoetopia Beige Women's Sandal Heels,39,1.3
2026-02-15,Footwear,Cozy Wear Brown Men's Daily Slipper,19,2.1
2026-02-15,Footwear,YOU LIkE Brown Men's Derby Formal Shoes,23,3.7
2026-02-15,Footwear,FUSEOWL Maroon Women's Flip Flop,40,3.8
2026-02-15,Footwear,BEE U NIK Black Men's Thong Flip Flop,36,3.8
2026-02-15,Footwear,YNP Design Collections Brown Women's Ethnic Ballerinas,13,1.5
2026-02-15,Footwear,ZYPSO Zypso Men’s Grey Synthetic Grey Men's Lifestyle Shoes,22,2.3
2026-02-15,Footwear,Cozy Wear Olive Men's Daily Slipper,43,2.4
2026-02-15,Footwear,hanuco Height Increasing Insoles,45,4.3
2026-02-15,Footwear,Skindora Cream Polish Suitable for MultiColor Color,21,4.1
2026-02-15,Footwear,PERY PAO Blue Men's Slide Flip Flop,19,2.4
2026-02-15,Footwear,hanuco Orthopaedic Insoles,44,3.4
2026-02-15,Footwear,PENNEN Green Women's Flats,25,2.5
2026-02-15,Footwear,Squash Black Men's Thong Flip Flop,18,2.9
2026-02-15,Footwear,LiteHawks Green Men's Daily Slipper,19,4.0
2026-02-15,Footwear,Radhe Creation Cream Polish Suitable for Black Color,32,2.7
2026-02-15,Kids Fashion,Cool and NIce kids Multi color Bermuda pack of 5,13,1.8
2026-02-15,Kids Fashion,"A.W.A KIDS FASHION Cotton Frock For Girls ( Pack of 1 , Blue )",13,1.8
2026-02-15,Kids Fashion,"A.W.A KIDS FASHION Cotton Blend Frock For Girls ( Pack of 1 , Pink )",50,4.4
2026-02-15,Kids Fashion,"A.W.A KIDS FASHION Cotton Blend Frock For Girls ( Pack of 1 , Light Blue )",25,4.4
2026-02-15,Kids Fashion,"Arshia Fashions Cotton Blend Shirt Dress For Girls ( Pack of 1 , Blue )",26,1.6
2026-02-15,Kids Fashion,"Arshia Fashions Girls Cotton Blend Kurti with Sharara ( Pack of 1 , Pink )",24,1.8
2026-02-15,Kids Fashion,"Villata fashion Net Frock For Girls ( Pack of 1 , White )",28,2.0
2026-02-15,Kids Fashion,"Nios Fashion Girls Cotton Polyester Jeans ( Pack of 2 , Multicolor 4 )",35,2.7
2026-02-15,Kids Fashion,"PMD Fashion Net Lehenga Choli Set For Girls ( Pack of 1 , Charcoal )",19,2.5
2026-02-15,Kids Fashion,NI FASHION Pack of 1 Boys Cotton Blend T-Shirt ( Green ),40,1.4
2026-02-15,Kids Fashion,"Arshia Fashions Polyester Shirt Dress For Girls ( Pack of 1 , Multicolor )",42,4.2
2026-02-15,Kids Fashion,"Arshia Fashions Net Lehenga Choli Sets For Girls ( , Red )",35,3.4
2026-02-15,Kids Fashion,KASEERA CUTE STYLISH AND TRENDING KIDS GYM VEST PACK OF 5,15,2.7
2026-02-15,Kids Fashion,Shiv Fashion Pack of 1 Boys Cotton Blend T-Shirt & Trackpants Set ( Green ),18,4.5
2026-02-15,Kids Fashion,"Villata fashion Net Frock For Girls ( Pack of 1 , Red )",42,2.8
2026-02-15,Kids Fashion,s muktar garments - Green Cotton Blend Boys Professional Costume ( Pack of 1 ),19,1.8
2026-02-15,Kids Fashion,"Villata fashion Net Frock For Girls ( Pack of 1 , Red )",15,2.6
2026-02-15,Kids Fashion,"Niicce Fashion Cotton Blend Dress For Girls ( Pack of 1 , Multicolor )",45,2.0
2026-02-15,Kids Fashion,"Arshia Fashions Polyester Fit And Flare Dress For Girls ( Pack of 1 , Blue )",19,3.9
2026-02-15,Kids Fashion,"Villata fashion Net Frock For Girls ( Pack of 1 , Red )",10,4.3
2026-02-15,Kids Fashion,"Villata fashion Net Frock For Girls ( Pack of 1 , White )",55,4.8
2026-02-15,Kids Fashion,"Arshia Fashions Net Lehenga Choli Sets For Girls ( , Blue )",46,3.4
2026-02-15,Kids Fashion,"Arshia Fashions Girls Cotton Blend Patiala Kurta Set ( Pack of 1 , Green )",29,3.4
2026-02-15,Kids Fashion,"Nios Fashion Girls Cotton Polyester Jeans ( Pack of 2 , Multicolor 1 )",23,1.5
2026-02-15,Kids Fashion,"A.W.A KIDS FASHION Cotton Blend Frock For Girls ( Pack of 1 , Orange )",17,2.2
2026-02-15,Kids Fashion,"Villata fashion Net Frock For Girls ( Pack of 1 , Pink )",31,1.5
2026-02-15,Kids Fashion,Niicce Fashion Pack of 3 Girls Georgette Frock and Trackpant ( Blue ),30,2.6
2026-02-15,Kids Fashion,"Villata fashion Net Frock For Girls ( Pack of 1 , Pink )",7,3.5
2026-02-15,Kids Fashion,NI FASHION Pack of 1 Boys Cotton Blend T-Shirt ( Black ),12,4.7
2026-02-15,Kids Fashion,Arshia Fashions Pack of 1 Boys Cotton Blend T-Shirt & Jeans Set ( Black ),32,1.5
2026-02-15,Kids Fashion,"Arshia Fashions Net Frock For Girls ( Pack of 1 , Light Blue )",44,1.3
2026-02-15,Kids Fashion,"Villata fashion Net Frock For Girls ( Pack of 1 , Pink )",24,3.8
2026-02-15,Kids Fashion,"Villata fashion Net Frock For Girls ( Pack of 1 , Sky Blue )",49,3.9
2026-02-15,Kids Fashion,Shiv Fashion Pack of 1 Boys Cotton Blend T-Shirt & Trackpants Set ( Black ),25,4.2
2026-02-15,Kids Fashion,"Arshia Fashions Net Lehenga Choli Set For Girls ( Pack of 1 , Green )",22,3.3
2026-02-15,Kids Fashion,NAYPAL FASHION STYLE Pack of 1 Boys & Girls Cotton Blend T-Shirt ( Pink ),28,4.3
2026-02-15,Kids Fashion,"samjho fashion Net Frock For Baby Girls ( Pack of 1 , Green )",22,1.2
2026-02-15,Kids Fashion,NI FASHION Pack of 1 Boys Cotton Blend T-Shirt ( Maroon ),25,2.5
2026-02-15,Kids Fashion,"PMD Fashion Net Lehenga Choli Set For Girls ( Pack of 1 , Rust )",6,3.0
2026-02-15,Kids Fashion,"Nios Fashion Girls Cotton Polyester Jeans ( Pack of 2 , Multicolor 3 )",53,2.3
2026-02-15,Men Clothing,Eyebogler Polyester Men's Windcheater Jacket - Grey ( Pack of 1 ),29,4.0
2026-02-15,Men Clothing,Reya Cotton Blend Men's Casual Jacket - Black ( Pack of 1 ),31,1.9
2026-02-15,Men Clothing,Montrez Cotton Blend Men's Casual Jacket - White ( Pack of 1 ),27,4.7
2026-02-15,Men Clothing,Mashaykh Polyester Men's Windcheater Jacket - White ( Pack of 1 ),6,3.5
2026-02-15,Men Clothing,TrendsTalk Nylon Men's Windcheater Jacket - Gold ( Pack of 1 ),35,1.5
2026-02-15,Men Clothing,yellow tree Polyester Men's Casual Jacket - Multicolor ( Pack of 1 ),12,3.2
2026-02-15,Men Clothing,AZF Nylon Men's Windcheater Jacket - Olive ( Pack of 1 ),19,2.0
2026-02-15,Men Clothing,Montrez Cotton Blend Men's Casual Jacket - Olive ( Pack of 1 ),54,4.1
2026-02-15,Men Clothing,eddicted Polyester Men's Puffer Jacket - Navy Blue ( Pack of 1 ),40,4.4
2026-02-15,Men Clothing,TrendsTalk Nylon Men's Windcheater Jacket - Blue ( Pack of 1 ),49,4.2
2026-02-15,Men Clothing,Reya Cotton Blend Men's Casual Jacket - Maroon ( Pack of 1 ),43,4.4
2026-02-15,Men Clothing,Forbro Nylon Men's Windcheater Jacket - Maroon ( Pack of 1 ),8,3.9
2026-02-15,Men Clothing,eddicted Polyester Men's Puffer Jacket - Blue ( Pack of 1 ),13,3.7
2026-02-15,Men Clothing,TAZO Nylon Men's Windcheater Jacket - Blue ( Pack of 1 ),43,1.8
2026-02-15,Men Clothing,Mashaykh Polyester Men's Windcheater Jacket - Black ( Pack of 1 ),28,2.7
2026-02-15,Men Clothing,Rigo Fleece Men's Casual Jacket - Grey ( Pack of 1 ),24,3.3
2026-02-15,Men Clothing,AZF Nylon Men's Casual Jacket - Wine ( Pack of 1 ),54,4.3
2026-02-15,Men Clothing,yellow tree Polyester Men's Casual Jacket - Black ( Pack of 1 ),25,4.2
2026-02-15,Men Clothing,AZF Nylon Men's Windcheater Jacket - Blue ( Pack of 1 ),51,2.4
2026-02-15,Men Clothing,eddicted Nylon Men's Puffer Jacket - Maroon ( Pack of 1 ),50,4.3
2026-02-15,Men Clothing,Montrez Cotton Blend Men's Casual Jacket - Yellow ( Pack of 1 ),30,3.6
2026-02-15,Men Clothing,Forbro Nylon Men's Windcheater Jacket - Black ( Pack of 1 ),32,1.6
2026-02-15,Men Clothing,FTX Denim Men's Denim Jacket - Light Blue ( Pack of 1 ),17,1.8
2026-02-15,Men Clothing,Christy World Nylon Men's Windcheater Jacket - Black ( Pack of 1 ),22,3.6
2026-02-15,Men Clothing,IF-INDIAN FORT Polyester Men's Quilted & Bomber Jacket - Navy ( Pack of 1 ),33,3.9
2026-02-15,Men Clothing,AZF Nylon Men's Windcheater Jacket - Navy ( Pack of 1 ),44,3.0
2026-02-15,Men Clothing,eddicted Nylon Men's Biker Jacket - Grey ( Pack of 1 ),34,1.4
2026-02-15,Men Clothing,Christy World Polyester Men's Casual Jacket - Black ( Pack of 1 ),19,4.0
2026-02-15,Men Clothing,AZF Nylon Men's Windcheater Jacket - Dark Grey ( Pack of 1 ),24,1.2
2026-02-15,Men Clothing,hoket Polyester Men's Casual Jacket - Black ( Pack of 1 ),12,2.2
2026-02-15,Men Clothing,Rigo Polyester Men's Puffer Jacket - Grey ( Pack of 1 ),5,3.3
2026-02-15,Men Clothing,Forbro Nylon Men's Windcheater Jacket - White ( Pack of 1 ),34,4.7
2026-02-15,Men Clothing,Mashaykh Polyester Men's Windcheater Jacket - Multicolor 2 ( Pack of 1 ),28,3.9
2026-02-15,Men Clothing,MAYKR Polyester Men's Windcheater Jacket - White ( Pack of 1 ),5,4.6
2026-02-15,Men Clothing,FTX Polyester Men's Casual Jacket - Black ( Pack of 1 ),49,4.2
2026-02-15,Men Clothing,Leotude Cotton Men's Casual Jacket - Black ( Pack of 1 ),15,2.5
2026-02-15,Men Clothing,FLIRTY SOUL Polyester Men's Casual Jacket - White ( Pack of 1 ),32,2.3
2026-02-15,Men Clothing,Camey Polyester Men's Casual Jacket - Red ( Pack of 1 ),12,3.6
2026-02-15,Men Clothing,Rino Fleece Men's Casual Jacket - White ( Pack of 1 ),37,3.1
2026-02-15,Men Clothing,Reya Cotton Blend Men's Casual Jacket - Blue ( Pack of 1 ),9,3.5
2026-02-15,Women Clothing,Sheetal associates Women Polyester Printed Fit & Flare Dress ( Blue ),6,1.2
2026-02-15,Women Clothing,wanquila Women Lycra Solid Bodycon Dress ( Beige ),42,4.5
2026-02-15,Women Clothing,"KNOWZY Rayon Women Dupatta ( Magenta , Pack of 1 )",40,3.7
2026-02-15,Women Clothing,Sheetal associates Women Crepe Printed Shirt Dress ( White ),42,1.4
2026-02-15,Women Clothing,TUHIRAJ Women Crepe Printed Gown ( Brown ),23,3.4
2026-02-15,Women Clothing,Sheetal associates Women Crepe Printed A-line Dress ( Orange ),24,3.1
2026-02-15,Women Clothing,ATIMUNA Gold Polyester Women Baby Doll Dress With Panty,37,2.8
2026-02-15,Women Clothing,THE LADIES FASHION Women Viscose Rayon Maxi ( White ),28,3.7
2026-02-15,Women Clothing,Sheetal associates Women Crepe Printed Shirt Dress ( Green ),24,3.2
2026-02-15,Women Clothing,Madhusudan Women Rayon Printed Ethnic Dress ( Pink ),24,3.9
2026-02-15,Women Clothing,Sheetal associates Women Crepe Printed A-line Dress ( White ),48,3.7
2026-02-15,Women Clothing,NIVESTANA Women Viscose Rayon Gown ( Purple ),30,4.6
2026-02-15,Women Clothing,Honky Tonky Women Polyester Self Design A-line Dress ( Pink ),31,3.7
2026-02-15,Women Clothing,Fasanger Women's Printed Cotton Blend Dungarees ( Yellow ),8,4.4
2026-02-15,Women Clothing,Fabverse Women Lycra Solid Bodycon Dress ( Black ),55,3.3
2026-02-15,Women Clothing,Sheetal associates Women Crepe Printed Fit & Flare Dress ( White ),42,2.6
2026-02-15,Women Clothing,Sheetal associates Women Polyester Printed Fit & Flare Dress ( Brown ),9,4.1
2026-02-15,Women Clothing,JASH CREATION Women Cotton Blend Printed Fit & Flare Dress ( Pink ),20,1.3
2026-02-15,Women Clothing,shrihub - Cotton Red Women's Semi Patiala Salwar ( Pack of 1 ),43,2.7
2026-02-15,Women Clothing,"BLYNK Lycra Petticoat ( Maroon , )",7,3.6
